p,qaoa_energy,beta01,gamma01,u01,v01,num_qubits,min_energy,opt_var_assignment,beta02,gamma02,u02,v02,beta03,gamma03,u03,v03,beta04,gamma04,u04,v04,beta05,gamma05,u05,v05,beta06,gamma06,u06,v06,beta07,gamma07,u07,v07,beta08,gamma08,u08,v08,beta09,gamma09,u09,v09,beta10,gamma10,u10,v10,beta11,gamma11,beta12,gamma12,beta13,gamma13,beta14,gamma14,beta15,gamma15,beta16,gamma16,beta17,gamma17,beta18,gamma18,beta19,gamma19,beta20,gamma20,beta21,gamma21,beta22,gamma22,beta23,gamma23,beta24,gamma24,beta25,gamma25,beta26,gamma26,beta27,gamma27,beta28,gamma28,beta29,gamma29,beta30,gamma30,beta31,gamma31,beta32,gamma32,beta33,gamma33,beta34,gamma34,beta35,gamma35,beta36,gamma36,beta37,gamma37,beta38,gamma38,beta39,gamma39,beta40,gamma40,beta41,gamma41,beta42,gamma42,beta43,gamma43,beta44,gamma44,beta45,gamma45,beta46,gamma46,beta47,gamma47,beta48,gamma48,beta49,gamma49,beta50,gamma50
1,0.6557203025432825,0.5824782917578716,-0.3705690725744704,-0.5240638082308359,0.8237486999918946,11,-2.0088944195653555,01101101101,,,,,,,,,,,,,,,,,,,,,,,,,,,,,,,,,,,,,,,,,,,,,,,,,,,,,,,,,,,,,,,,,,,,,,,,,,,,,,,,,,,,,,,,,,,,,,,,,,,,,,,,,,,,,,,,,,,,
2,0.08107791757529004,0.643609240054547,-0.2648684198901104,-0.7404733464967185,0.7162365705960755,11,-2.0088944195653555,01101101101,0.3178061982534645,-0.69177048300964,0.0200225909019066,-0.04731604878563901,,,,,,,,,,,,,,,,,,,,,,,,,,,,,,,,,,,,,,,,,,,,,,,,,,,,,,,,,,,,,,,,,,,,,,,,,,,,,,,,,,,,,,,,,,,,,,,,,,,,,,,,,,,,,,,,
3,-0.4407160564663313,0.6953586835233174,-0.2623962449315963,-1.1089501861913351,0.6735158836331182,11,-2.0088944195653555,01101101101,0.3953526528691219,-0.6087520558862862,0.15792521562803344,0.03386814410578722,0.22816084756397942,-1.2061582734906733,-0.09011955700641118,0.08053465591963646,,,,,,,,,,,,,,,,,,,,,,,,,,,,,,,,,,,,,,,,,,,,,,,,,,,,,,,,,,,,,,,,,,,,,,,,,,,,,,,,,,,,,,,,,,,,,,,,,,,,,,,,,,,,
4,-0.877759663652899,0.7191784929686833,-0.23565925397719215,-1.1376544068155328,0.6453229968134426,11,-2.0088944195653555,01101101101,0.444166547776813,-0.5442930399975341,0.03771685053216709,0.04335432202943239,0.316676626112012,-0.9926796691571538,0.023746660510992033,0.09817437665855566,0.20523426835419195,-1.1231387798933887,-0.055478886707585974,-0.02222235328251363,,,,,,,,,,,,,,,,,,,,,,,,,,,,,,,,,,,,,,,,,,,,,,,,,,,,,,,,,,,,,,,,,,,,,,,,,,,,,,,,,,,,,,,,,,,,,,,,,,,,,,,,
5,-1.2341881218372714,0.7204514897780973,-0.20773237901538955,-1.0056812002814883,0.6079063844821669,11,-2.0088944195653555,01101101101,0.4602744372566469,-0.4633480909520771,-0.0645147162735245,0.04185689540891831,0.3357968899664112,-0.813287957869228,0.02358881453103138,0.11518426025235917,0.28598665510640037,-0.8719803633280939,0.009519427650574858,-0.008304206735734575,0.19687103989055688,-0.930788797654635,-0.046858701396761654,0.03232749390804975,,,,,,,,,,,,,,,,,,,,,,,,,,,,,,,,,,,,,,,,,,,,,,,,,,,,,,,,,,,,,,,,,,,,,,,,,,,,,,,,,,,,,,,,,,,,,,,,,,,,
6,-1.459755866588469,0.7264503556645652,-0.17164779366169275,-0.9441583638678857,0.5865466010776326,11,-2.0088944195653555,01101101101,0.48808378933554086,-0.3868204929039215,-0.07845205743723718,0.042566685314056656,0.347425554879991,-0.6751685719474118,0.008121241498282986,0.11757633774117499,0.30962320968375323,-0.8131726267131957,0.033204442123825006,0.006874249971820218,0.26940686450125145,-0.7815900406504421,-0.040829086438824005,0.025644184378099944,0.16286594995900305,-0.8914221592185636,-0.01205683924757489,-0.012891744181054791,,,,,,,,,,,,,,,,,,,,,,,,,,,,,,,,,,,,,,,,,,,,,,,,,,,,,,,,,,,,,,,,,,,,,,,,,,,,,,,,,,,,,,,,,,,,,,,,
7,-1.5841461767922373,0.7714519416577804,-0.13741774532903053,-0.9266215284404589,0.5902205155141578,11,-2.0088944195653555,01101101101,0.5348213872944455,-0.320812551212004,-0.03575880780173828,0.05946761777686753,0.3715988510054521,-0.5544302044683244,-0.02601453796554186,0.11639416444886246,0.3311239816375049,-0.7004454665865976,0.042590453037844075,0.024007900955052546,0.2867009400935386,-0.7515765048748199,-0.027423061144631083,0.027852753740967937,0.23950777303121626,-0.7898905511657931,0.0004057410253097167,-0.005980496872346792,0.12451580508610154,-0.9556336686247927,-0.015394092884303847,0.003919859198056,,,,,,,,,,,,,,,,,,,,,,,,,,,,,,,,,,,,,,,,,,,,,,,,,,,,,,,,,,,,,,,,,,,,,,,,,,,,,,,,,,,,,,,,,,,,
8,-1.6725289866427806,0.8286150472725127,-0.12601912209029653,-0.9288815869253291,0.5926182393751339,11,-2.0088944195653555,01101101101,0.5755899753115368,-0.2952846117132733,-0.01924856820366649,0.08433554861445025,0.3951236814430436,-0.4983665427065377,-0.05380989534164868,0.11409659422314992,0.34945449847323057,-0.6198317072248789,0.042945111859593266,0.04167528182662203,0.30456508187987813,-0.7005068403913558,-0.024458384922481986,0.037871727745548735,0.2487497764644884,-0.7449164546200957,0.011536322530689995,0.0004684549367496146,0.19362697906136214,-0.820153131357548,-0.014324141575317056,0.0052622636976399975,0.09959356429377114,-1.0108855869315492,-0.008866408572160374,-0.004767074694376557,,,,,,,,,,,,,,,,,,,,,,,,,,,,,,,,,,,,,,,,,,,,,,,,,,,,,,,,,,,,,,,,,,,,,,,,,,,,,,,,,,,,,,,,
9,-1.732516098724468,0.8318172316718131,-0.12153387504025645,-0.9297508715746412,0.5775765520202643,11,-2.0088944195653555,01101101101,0.5993391851628361,-0.27256388932952036,-0.007099939515760892,0.09220043919338756,0.41118248827498954,-0.4525273760673605,-0.06474733479515385,0.10288857702653383,0.36551424386597436,-0.5573317329312784,0.031878660320692455,0.04842556002344743,0.32074859762713587,-0.6426260437979788,-0.02113787731128289,0.04293448943553438,0.2753214582105169,-0.707577614359001,0.012916802670265046,0.003092239120895198,0.20362124757443062,-0.7694778979494694,-0.011729034129847321,0.009836049601306648,0.15938428656477382,-0.8620823365481302,-0.003202655711182941,-0.0069284394266178355,0.08523343713291276,-1.0316385484497586,-0.01153894525734012,-0.0003838402340587525,,,,,,,,,,,,,,,,,,,,,,,,,,,,,,,,,,,,,,,,,,,,,,,,,,,,,,,,,,,,,,,,,,,,,,,,,,,,,,,,,,,,
10,-1.7764805857765547,0.8113731384099998,-0.11252600279417035,-0.935674942867993,0.5534978495171251,11,-2.0088944195653555,01101101101,0.6120437957515433,-0.2592425620966556,0.003608945519024265,0.09388688314638102,0.4193542136155648,-0.4267445486380263,-0.078810349462425,0.09373453023792419,0.3630003883874171,-0.519915161251256,0.024723319941313757,0.05065259286973381,0.33242884030812975,-0.5853377895656727,-0.018689266631573248,0.04471569206655802,0.2925919393981792,-0.657305264503957,0.016526643593070083,0.0028060200649329217,0.23235688041027946,-0.7266828923506276,-0.009238306535738063,0.009896605669535532,0.16830664891240565,-0.7984665674176662,-0.0003079656281929652,-0.0056907690546937175,0.13785769608179765,-0.9035828838317997,-0.009040596980703251,-0.0005978545986879066,0.07318666093421212,-1.0614681234936478,-0.0062108864485431094,-0.0022580967856267627,,,,,,,,,,,,,,,,,,,,,,,,,,,,,,,,,,,,,,,,,,,,,,,,,,,,,,,,,,,,,,,,,,,,,,,,,,,,,,,,
11,-1.8194644868249172,0.813155765349705,-0.1024771113874718,-0.9861775191843979,0.5297899409500993,11,-2.0088944195653555,01101101101,0.6095316612167861,-0.2531071941521099,0.007291377418595698,0.10174969644508242,0.4221014615995665,-0.4258928076188497,-0.09378559221569299,0.08560194443915585,0.3568654912260956,-0.5333832498369,0.026993623724926096,0.05769380426544058,0.33269898421085686,-0.580669953033793,-0.018519561942017225,0.053431523424739884,0.31003900899811393,-0.6418109547298814,0.02624161062224352,0.004487153190111486,0.2510167984808824,-0.7048768996348168,-0.011197862554896344,0.015590318281684612,0.18429496690506234,-0.8025092600638407,0.0009482086796965116,-0.0031792256244074727,0.1271084800474078,-0.8398073421118775,-0.001616060759698292,0.004300381193516792,0.1161877748078239,-0.9856090451379477,-0.01191922517931528,-0.003854059536491952,0.07034512169749747,-1.1409312124213726,,,,,,,,,,,,,,,,,,,,,,,,,,,,,,,,,,,,,,,,,,,,,,,,,,,,,,,,,,,,,,,,,,,,,,,,,,,,,,
12,-1.8572020616379943,0.8234021272715888,-0.09236839534542104,-1.0269375083628012,0.5129905826179804,11,-2.0088944195653555,01101101101,0.619042422707913,-0.23631643797197016,0.016339813201738516,0.1104201893882719,0.4310369979664006,-0.39830539132342824,-0.10013477242101505,0.08675785443561115,0.3620079460874611,-0.5321115668031536,0.031215941169526983,0.05885785158071097,0.32091777328577564,-0.5775507641467336,-0.014674024348234354,0.05686579219559595,0.30535369344781527,-0.6385083934854497,0.02272625878960376,0.007517557782850125,0.27328755688049583,-0.6870066506546794,-0.006076647872576324,0.0199498790164972,0.20162071062988574,-0.7631820846237547,-0.00016808675991455627,0.0012826513445934845,0.15290158411799712,-0.8402370677480578,-0.0018734452040449759,0.008154459969410971,0.10737768345372034,-0.9072822525551736,-0.01103961492001045,-0.006649785635781548,0.10821349071322765,-1.0694782499064703,0.06804380930139522,-1.1940627397744112,,,,,,,,,,,,,,,,,,,,,,,,,,,,,,,,,,,,,,,,,,,,,,,,,,,,,,,,,,,,,,,,,,,,,,,,,,,,
13,-1.8778992134837162,0.8257806072869462,-0.0824977319198972,-1.059756269204807,0.5027889655181778,11,-2.0088944195653555,01101101101,0.634241972077556,-0.21748058636875747,0.025858613736264812,0.11687391721644053,0.4526346552218458,-0.3637595602924008,-0.09530100781455104,0.08632276671560275,0.3702849431839532,-0.5060322950144615,0.032268650342563335,0.05528449956759268,0.33021778481352043,-0.5668397731449794,-0.01478336458297102,0.05666455316946121,0.3028273447469835,-0.624199309446725,0.018366105371506354,0.011120579306104324,0.2759403099761711,-0.6878466984917903,0.0012898657441069454,0.020168933274644488,0.22763213981543945,-0.7446105359745384,-0.005124500890830955,0.00351017358728033,0.1716832735523801,-0.8232230235442436,0.002258942129092229,0.00550432492701083,0.12564701981452883,-0.8749613170795645,-0.011573149908443842,-0.0009722085170063811,0.10536300439592242,-0.9762376487978643,0.1046219321240937,-1.1433594031224834,0.05183428879807589,-1.2207874536011551,,,,,,,,,,,,,,,,,,,,,,,,,,,,,,,,,,,,,,,,,,,,,,,,,,,,,,,,,,,,,,,,,,,,,,,,,,
14,-1.8965951361846853,0.8284842505301481,-0.07209150078312983,-1.0723997649610568,0.4993693810930452,11,-2.0088944195653555,01101101101,0.6591308499363439,-0.20404653037256076,0.02233577396559866,0.12229524209719178,0.4800460052393659,-0.3419684699264303,-0.08640361918819647,0.08812696147210027,0.3870139964228666,-0.47689697806043674,0.0296283009522158,0.0511057570060926,0.34347938967016306,-0.5512343033324988,-0.016548000835672257,0.05443017638381088,0.307770470556625,-0.6020842731651386,0.01429330838872368,0.012208037805234783,0.2774334021045664,-0.6749959280869546,0.008301072102359138,0.020685849081151887,0.2428429764306968,-0.7408415177220085,-0.005213838977255893,0.003425396619191784,0.19701068681277448,-0.7981378719693316,0.0016653955018329741,0.004263547957984169,0.14997753058527655,-0.8487748700931662,-0.007301139430119307,-0.0006905877108097802,0.1148941356517578,-0.9057930463841612,0.10570540841841798,-1.026208022293985,0.10163017902220157,-1.1606263713771547,0.046929885645484185,-1.215113581354083,,,,,,,,,,,,,,,,,,,,,,,,,,,,,,,,,,,,,,,,,,,,,,,,,,,,,,,,,,,,,,,,,,,,,,,,
15,-1.9129813559039013,0.8243885290625986,-0.06734974554355584,-1.0692404472816297,0.4941792713741267,11,-2.0088944195653555,01101101101,0.671810974018394,-0.19767523445637897,0.02486085301837099,0.12278131680989424,0.49970569443528223,-0.3288031147597938,-0.08877656786159939,0.08844032434482854,0.4012882234416496,-0.4478094632378333,0.029105481736419324,0.04773407505830803,0.35719672564757954,-0.5206849024190737,-0.025016563346014875,0.05085855908939223,0.32073867009854407,-0.5710509869595275,0.013736130253667033,0.014906220551847852,0.28168252107459,-0.6383621227772744,0.009806881029998025,0.02235100135542698,0.24749079075407932,-0.7070931429539912,-0.006147294314709418,0.003483066258671152,0.2166859819624568,-0.7676567129448415,0.006546285473747105,0.002717887936186662,0.17968863822075387,-0.8211615305417291,-0.006878470154583987,0.000489163807826445,0.13755624248280424,-0.8530663320390913,0.11044873393866024,-0.9120256363550079,0.10703239387627606,-1.048606326715693,0.09568956641914837,-1.1774058713240558,0.04071557537135689,-1.2192295963436557,,,,,,,,,,,,,,,,,,,,,,,,,,,,,,,,,,,,,,,,,,,,,,,,,,,,,,,,,,,,,,,,,,,,,,
16,-1.9261634264437992,0.8398789719596326,-0.0582299035785075,-1.0617063067354033,0.4852726639414055,11,-2.0088944195653555,01101101101,0.6816897335292523,-0.18053183342778018,0.039816735462228484,0.12384334739581851,0.5025537683480537,-0.305839764165953,-0.08975958365853932,0.09326808578767962,0.40197235497574224,-0.41214464381871363,0.02391142611627323,0.050705115739570754,0.36004484336580966,-0.4862256381110875,-0.02477381220949998,0.052527395928393464,0.3244811832638781,-0.5384022895210246,0.016047637673468715,0.020699229752025827,0.284979512771406,-0.5864925554486892,0.00950947704809146,0.02537573429633625,0.25174260885791433,-0.6442591396573593,-0.008061558730356131,0.007262764802868661,0.22446411766445867,-0.7177675270278161,0.006669579747667237,0.0044809155031617165,0.19608129472331234,-0.7888457326435121,-0.0013362229373429873,0.0007768893215689215,0.16254318059316192,-0.8293790457503345,0.12938962005536983,-0.8605042468442805,0.110220092699791,-0.9431303933994887,0.10516479552027236,-1.0767635435701088,0.08814355985536555,-1.1848624417636315,0.03597175858601716,-1.2266699484515815,,,,,,,,,,,,,,,,,,,,,,,,,,,,,,,,,,,,,,,,,,,,,,,,,,,,,,,,,,,,,,,,,,,,
17,-1.9372447585034207,0.8390139796020354,-0.04982646258830776,-1.0487686309002597,0.4774063899616711,11,-2.0088944195653555,01101101101,0.6967210396885427,-0.1617383016714702,0.046073656160469226,0.12672105804397496,0.5208885139962985,-0.2848558752576881,-0.09102571181314947,0.09502772593253957,0.4079448654485276,-0.38852315292150313,0.023253983787740087,0.05197983219068807,0.3606526999822281,-0.45948790591613264,-0.02714694578010138,0.050907298217617476,0.33002948373440016,-0.512008383149463,0.02243393024197127,0.02266142911254921,0.29123888288222227,-0.5559927216232019,0.008326101080406288,0.02428367162521036,0.25412152195433385,-0.5969448701424125,-0.010156974211552176,0.008151520929408617,0.22788740502590618,-0.6555834803593502,0.010968110717507825,0.0027982764738738336,0.20555854004762159,-0.7389490723612647,-0.00029777078809160564,0.0002679741773379342,0.17784939381203355,-0.8083706444977232,0.14630185567367027,-0.8333212374182877,0.12087983797310406,-0.8584164291749277,0.10783319506761725,-0.9490288644978128,0.09924131105024986,-1.0860597658560556,0.07659298817905469,-1.188557737302949,0.0296027710354124,-1.225741472393462,,,,,,,,,,,,,,,,,,,,,,,,,,,,,,,,,,,,,,,,,,,,,,,,,,,,,,,,,,,,,,,,,,
18,-1.9467868155180694,0.8434467589797522,-0.046317824690680985,-1.046702088857653,0.4675298692341134,11,-2.0088944195653555,01101101101,0.7069390936102037,-0.15518372417159382,0.046104794014915663,0.12785096239393398,0.5307306718449848,-0.2813696742518026,-0.09824015493081142,0.09838760947775205,0.4090080878171535,-0.38660346435269355,0.019771966825595778,0.05383685720919055,0.3562389491568485,-0.4512498580879569,-0.03146071302654449,0.05199126550006952,0.32962750836486243,-0.49562050041938055,0.027197617913209682,0.026493148254916887,0.2965054804246096,-0.5374040206007071,0.0066400514475956525,0.024864435764375883,0.258922532577661,-0.5733936618637927,-0.008803533985142985,0.008878604065956575,0.22908583777023012,-0.6132139449101562,0.014356146887298454,0.003379269903575572,0.20727152063042376,-0.6818087325616401,0.0002875797192619018,0.0002442072265515216,0.18592024924495051,-0.7689902492409846,0.1613649686067785,-0.8251687047516212,0.1365776425383142,-0.8373439423355515,0.11716667849437451,-0.8655066547606881,0.10526271392634072,-0.9636284164566356,0.09400771568320844,-1.0996157609259132,0.07002979769211257,-1.1986547273189232,0.026532062768736025,-1.2364003916023114,,,,,,,,,,,,,,,,,,,,,,,,,,,,,,,,,,,,,,,,,,,,,,,,,,,,,,,,,,,,,,,,
19,-1.9552310269363344,0.8257856552809242,-0.04457607508983219,-1.0401359761985987,0.4543081097582591,11,-2.0088944195653555,01101101101,0.6990659736426325,-0.14823317804806874,0.051456423679395895,0.12293987823517223,0.5329365940097675,-0.26944762983820714,-0.10169851649405684,0.09597205807832153,0.4124648271630289,-0.3739493236981554,0.019605233288749364,0.054322661941425494,0.3535836361103574,-0.4361712920964327,-0.03729599743610302,0.050770689461880146,0.3237890903192272,-0.47069947089498887,0.02585302100100751,0.027115285728659812,0.29622205690899295,-0.5053840354800021,0.0068516688904878605,0.02305684076135646,0.26667759602557894,-0.5462212046188477,-0.004587556694726631,0.00922207922242204,0.23855210235026414,-0.5882765546270625,0.013762103422778508,0.004494262684670408,0.21350785616304316,-0.6412287951899306,-0.000303204219786082,0.002088034406167469,0.19225394374328547,-0.7142822461381123,0.17290280837047317,-0.7855500354032774,0.15154538717464522,-0.8219008615635999,0.1292365441581574,-0.8335854477274409,0.11231036388406299,-0.8758829181848173,0.10162971622398471,-0.9804549904908765,0.08789009003137843,-1.1107827979024445,0.06147586383850915,-1.2060596004544535,0.022180729591872082,-1.246268132303952,,,,,,,,,,,,,,,,,,,,,,,,,,,,,,,,,,,,,,,,,,,,,,,,,,,,,,,,,,,,,,
20,-1.9610543978230828,0.8289532578208396,-0.040085296442921525,-1.038762701993135,0.45134548147147857,11,-2.0088944195653555,01101101101,0.7110500622901276,-0.13411588635613578,0.051422366085561236,0.12368981020880244,0.5502658542155575,-0.2483301617236996,-0.10174020477406578,0.09783230044603769,0.4253713513860577,-0.35469269281836785,0.022994989145751557,0.05451359616840691,0.3591669709274848,-0.42500176190605565,-0.03715539762794788,0.051293039756526354,0.32689786431125123,-0.4636662334414763,0.028953267926331842,0.028312286262583263,0.3011958692732192,-0.49572286510139546,0.0066185294588328916,0.022751138914350676,0.274154149920117,-0.5332674670054154,-0.00558931153043392,0.00879570592437731,0.247572591734492,-0.571258814281307,0.015513771424962726,0.005444495561939371,0.22208079815424075,-0.6122350089086469,-0.0010836578762664496,0.0019478260069681853,0.19850484415872638,-0.671230635604682,0.17885047195911824,-0.74651072766534,0.1619943950476182,-0.8061903103122013,0.1441806715042796,-0.8263640703077607,0.12544599648328386,-0.8339117512021276,0.11013418379382024,-0.8851467978809598,0.0989685121415961,-0.9978217708176379,0.08492374776098409,-1.1263367274053804,0.059586258021461204,-1.214019856774241,0.021649209491016782,-1.2486963461349485,,,,,,,,,,,,,,,,,,,,,,,,,,,,,,,,,,,,,,,,,,,,,,,,,,,,,,,,,,,,
21,-1.9666309985156998,0.8239269156944641,-0.034723864695042746,-1.0421254353830744,0.44903424909295125,11,-2.0088944195653555,01101101101,0.7216580748099901,-0.11974535095449064,0.052984554736151206,0.12427116543165954,0.573917593533077,-0.23020556613781917,-0.10144923656870447,0.09939844531688768,0.4463303977568732,-0.3395247622819728,0.025714475098274656,0.05493557190727365,0.3676487012035357,-0.41534736515443577,-0.03727063927055178,0.05066661205758821,0.326782911275282,-0.4550444739537407,0.026984053067958442,0.027926515177355348,0.3012944398346278,-0.4824745248280308,0.010530896753572522,0.01921150995584687,0.27902995717384144,-0.5166134528099335,-0.0029076469303414916,0.005976646851926804,0.2570866166231124,-0.556707847614655,0.014435792750777401,0.005782167064338422,0.2336877413630662,-0.5983136405549738,0.00013521574341365662,0.0011475228437884623,0.20820058305370845,-0.6482365684358165,0.18434468185155023,-0.7120532675935827,0.16665535859233904,-0.7748734480386709,0.15403080660511007,-0.8118899598077832,0.14077495967566522,-0.8228409686080159,0.12424899968274485,-0.8437759167587967,0.10784505659855746,-0.9128374091269753,0.0946693608053899,-1.0272636298571638,0.08073443041268288,-1.1439653953547406,0.05744854152491344,-1.2222502218144333,0.02118567466666816,-1.2551936548652098,,,,,,,,,,,,,,,,,,,,,,,,,,,,,,,,,,,,,,,,,,,,,,,,,,,,,,,,,,
22,-1.971659245531316,0.8260768361331581,-0.0309367794789635,-1.0421085747111847,0.44778102798836056,11,-2.0088944195653555,01101101101,0.7353251147158876,-0.10989128353334963,0.05330573236608776,0.12488049021387114,0.598088418646514,-0.21805219702671513,-0.09971974902122172,0.1030977013445698,0.46916814562624526,-0.3287908190741105,0.023383190207132403,0.058871334556535,0.3790122468262943,-0.40686630912935323,-0.04017433038674276,0.05081124932821744,0.32650581558853947,-0.4461313750839006,0.029186345531712704,0.02588670138001413,0.2962186357265739,-0.4698331352142112,0.011626749827456975,0.016448818279097405,0.27578869789108623,-0.4996469569932205,-0.0026418156676665024,0.004693948267063576,0.2590378243928808,-0.5367577154676111,0.015352133305439239,0.005008494612867406,0.24161681548334207,-0.5749054667455107,0.0022137717023373205,0.0011902888000462645,0.22060927820503265,-0.619045982397807,0.19760733473109782,-0.6790750762091537,0.17759302988973855,-0.7482367505196004,0.1630281149390894,-0.8012360706708311,0.15089309739468515,-0.8215676046156682,0.13681894969142047,-0.826220657476018,0.12059274798015214,-0.8549058523836173,0.10556082777158424,-0.9324263207213649,0.0928160958061152,-1.0445999931365841,0.07782982352979083,-1.1521510391628689,0.05402634622403696,-1.2245070474070958,0.01959623880292895,-1.256764397897788,,,,,,,,,,,,,,,,,,,,,,,,,,,,,,,,,,,,,,,,,,,,,,,,,,,,,,,,
23,-1.9757834175479774,0.8228427926366194,-0.02608141507801896,-1.0460762404479351,0.4399692338394677,11,-2.0088944195653555,01101101101,0.7414221407178834,-0.09676214913446171,0.040357891816210606,0.12855219210693916,0.6130147367083927,-0.20149467269798432,-0.0917101937950476,0.10396917888076576,0.48407586422973015,-0.315924580591054,0.025676934607000115,0.060889843092766384,0.38660346622532393,-0.40194320127766314,-0.04021272364955421,0.050695793228269045,0.3269903229924507,-0.44642783764957417,0.028209697678430366,0.025512306522358124,0.29391153107548357,-0.4691459473693828,0.014945097897249487,0.015944022097383964,0.2732210203929543,-0.49618594546082195,-0.0009788702640891574,0.003962906093724553,0.2564146867694645,-0.5346593043524372,0.016607060922097096,0.0043175233156395815,0.23995912982100964,-0.5764264807999342,0.002942142323546713,0.00014893352925665805,0.22201239611270115,-0.6185121745463088,0.20202653547865534,-0.6689973600696651,0.18192346655846497,-0.7310096049070468,0.16487748134168975,-0.7893970606488309,0.1518410623676661,-0.8223204952314879,0.14014128753064792,-0.8273351144404627,0.12648056641816802,-0.830953728465131,0.11090887065203732,-0.8679032614376154,0.09652345497782616,-0.9501194430932873,0.08467372482766065,-1.0564810049606153,0.07138661380866393,-1.1516322400596055,0.05004493247197926,-1.21293613517264,0.018283965637233616,-1.2396156805218896,,,,,,,,,,,,,,,,,,,,,,,,,,,,,,,,,,,,,,,,,,,,,,,,,,,,,,
24,-1.9792617924926512,0.8089331172758328,-0.02159477502918122,-1.0374603921392493,0.4354844319033067,11,-2.0088944195653555,01101101101,0.7388833921003856,-0.08235216463546223,0.032352946557691054,0.1298221524508068,0.624604888659591,-0.1774430005316839,-0.07756910106071038,0.09979053041719381,0.5029916196802587,-0.28779528531522686,0.031372248628344875,0.060968504195139585,0.40322234465321977,-0.377696757960089,-0.04062970365078986,0.04931080796580667,0.33629963618667547,-0.42873853208307333,0.01999449920696523,0.023625620370789156,0.29729064193752347,-0.45317525750122073,0.024517448063594523,0.012480989351027916,0.27485629375050313,-0.4767594287665996,-0.0018531237781466018,0.004000617270467173,0.25938066582568764,-0.5139433563945943,0.015769449880830975,0.0027749151398524176,0.24539258615005727,-0.5617659066475444,0.0032094062407345956,0.0001221723152544317,0.23017309164162644,-0.6129003817954034,0.21246784572093458,-0.6667058625171003,0.1926554836428597,-0.7243035831134231,0.17281451750299787,-0.7774253069805636,0.15531414321598025,-0.8099749119025021,0.1408955204209767,-0.8148983981354828,0.1282993352324895,-0.8080033923336228,0.11584936300536051,-0.8207476121279491,0.10308926442455009,-0.8757925184080602,0.09049441126764037,-0.9677895459581084,0.07762829798216099,-1.0672919756494028,0.06213952210156567,-1.1434818427276483,0.04125116136298349,-1.1846014024919227,0.014586121667615453,-1.1990319389529716,,,,,,,,,,,,,,,,,,,,,,,,,,,,,,,,,,,,,,,,,,,,,,,,,,,,
25,-1.9829656008377006,0.8031953178805152,-0.01959102258686718,-1.038847667276605,0.43002808203728926,11,-2.0088944195653555,01101101101,0.7369349375928564,-0.07565844921347166,0.03606449625478292,0.12760656245344196,0.6277892819046399,-0.16557096206120392,-0.08093633377943794,0.0992654410405607,0.5097606130728165,-0.27270230003690304,0.0364827332121425,0.06134876540226154,0.41080100144079057,-0.3629890868061009,-0.04192342842412123,0.04780180004512302,0.34272743207624345,-0.41633857966967325,0.019674213415452117,0.024241642051523418,0.30210382775066436,-0.44178813179148096,0.02109800896915313,0.014240154089476991,0.27832612769958903,-0.46422078361681196,0.00091205281682276,0.004768264095240095,0.26164848522005835,-0.5000789049691021,0.015616203482603374,0.002374619153721234,0.24659017256761678,-0.5474965232090423,0.004693693011997742,0.00042421954035321355,0.23117131828297993,-0.5967808399097362,0.21501729380480228,-0.6446012766909203,0.19837421944074546,-0.6945761070953634,0.1818966791515552,-0.746098304778206,0.16630395771101417,-0.7880825733603681,0.15181920147682806,-0.8079262675197282,0.1380483058896177,-0.8071183362280268,0.12454269250513689,-0.8059641090372958,0.11137855962536714,-0.830612623935962,0.0989524243004256,-0.8935062922055547,0.08707311445819588,-0.98443543013441,0.07431266398906088,-1.0786940598764632,0.0584663458356643,-1.1536770290958573,0.037971629605402964,-1.2000135988571226,0.013230134703011895,-1.2204437654776257,,,,,,,,,,,,,,,,,,,,,,,,,,,,,,,,,,,,,,,,,,,,,,,,,,
26,-1.9867059958628692,0.7939340611847224,-0.015953277743629816,-1.0286000651650598,0.42566810506080416,11,-2.0088944195653555,01101101101,0.7353902194753206,-0.06468156739238949,0.026615692196878118,0.1282272946181259,0.6359053172157944,-0.14811050957694136,-0.06898428044280269,0.09638603382208114,0.5229990288917211,-0.2519435623050926,0.03706434262563542,0.06183863874425486,0.42266822572380885,-0.34346692648399246,-0.04179276022347835,0.04718031995458055,0.34995471702938474,-0.4008064702861674,0.020561966439584967,0.023617058601087617,0.30593338145564924,-0.4292922124303719,0.019795576290024007,0.013667876879089217,0.2817003832796381,-0.4516944787042506,0.0037934868845287597,0.004697723553954128,0.26594891678614535,-0.48565649759126966,0.013175211017111508,0.0009380147979772765,0.2511627206379954,-0.531755240547441,0.007573966980139023,-0.0005141668394963834,0.23528839494321271,-0.5808737362253066,0.2194021223770005,-0.6282655829457777,0.20446704935998616,-0.6770876218675681,0.1899749254038714,-0.7291327489739791,0.1748446179328263,-0.7762844070576727,0.15886680945962808,-0.804950780106583,0.1429918540571874,-0.8100403049414422,0.12837553606535518,-0.8034992824187693,0.11539535825711769,-0.807770376015496,0.10358247032037916,-0.8400210130571587,0.0921947794273808,-0.9014643628117474,0.08052985980159869,-0.9795670162223309,0.06768285504749759,-1.0581377821476994,0.05239273478135791,-1.1250838235338978,0.03363604867076948,-1.1733870468796204,0.011655352520368461,-1.1987764639498315,,,,,,,,,,,,,,,,,,,,,,,,,,,,,,,,,,,,,,,,,,,,,,,,
27,-1.9907895481166689,0.7896337887413529,-0.015426386971451298,-1.0245153511770213,0.4218568598059071,11,-2.0088944195653555,01101101101,0.7347661851402233,-0.061342615138602855,0.028853462187134058,0.1281051830715862,0.6407136251947174,-0.13897118375536022,-0.07423964715039368,0.09700121895382674,0.532453082381295,-0.2370818158100334,0.040173128722948835,0.0608233634528927,0.4343558358933854,-0.32746554796059724,-0.04263040404083935,0.04553869586460386,0.3613672270170794,-0.38945871455801184,0.021700847981010477,0.02227092897494418,0.31541250374820895,-0.42461782896931943,0.02213159632092975,0.014345725896738349,0.2884005514624149,-0.44991066840773414,0.004097292883162193,0.007090409662140659,0.26942403799556686,-0.4797206706508083,0.004944364541626486,0.0008791158851469339,0.25140218253907193,-0.5160284405912943,0.012288071114677732,-0.001017157401886791,0.2332699409111937,-0.5543399169057635,0.2173554850748037,-0.594750776772439,0.2050779089812878,-0.6431815377840414,0.19479557579211315,-0.7011114916096935,0.18318474247343322,-0.7570960387977212,0.16827525390120623,-0.7925639936654671,0.15109579564171513,-0.7984982071096386,0.13456958923417447,-0.7864006248437857,0.12097179922155257,-0.7814653375883402,0.11034251393632302,-0.8036845985369192,0.10097202674307515,-0.8546526703043356,0.09100460299138736,-0.9213647357297191,0.07945132135331437,-0.9906600617974134,0.0659620724148603,-1.0582005842095117,0.05017488588900728,-1.1238693075779818,0.03171815960727246,-1.181475613867297,0.010895783832551074,-1.2166537594812363,,,,,,,,,,,,,,,,,,,,,,,,,,,,,,,,,,,,,,,,,,,,,,
28,-1.9930968408937728,0.790962233984203,-0.013040371232192677,-1.024561400420459,0.4226053807299938,11,-2.0088944195653555,01101101101,0.7394009935795018,-0.053432239693208476,0.018362734441179644,0.12841340383117908,0.6502792499400183,-0.12492301685293096,-0.06276415103341097,0.09629933872130605,0.546143962705665,-0.21908602179594427,0.04196660704542215,0.061744619870996546,0.44954116606240047,-0.3102939925002426,-0.0429780114159885,0.04487219805715598,0.3751654330347602,-0.37689222842847897,0.021815495435799075,0.02123274205173075,0.3262211256016929,-0.4164018052290473,0.02270110727868607,0.014819657597618248,0.29639374212846914,-0.4428535502993634,0.005114985391681892,0.007725231981389717,0.2758058304972145,-0.47170637042047464,0.0048782941992717875,0.00111857209682346,0.25718152070942235,-0.5081087334082116,0.012643764560837179,-0.0010662299219082107,0.23866309767160782,-0.548358058454854,0.22226300073521985,-0.5896780489706868,0.2099969443671901,-0.6354812815018613,0.2010645858199432,-0.6897740855261456,0.1921190190789532,-0.7475710378600587,0.17992281286184664,-0.7936054674629588,0.16384145805835834,-0.8132927184888694,0.14609047123139965,-0.8065504543484787,0.12978752196952653,-0.7908650998280568,0.11666363360881843,-0.7896807081515792,0.10625976376098806,-0.816158769477299,0.09686219240876856,-0.8665406017395073,0.08693647203740383,-0.9276658360994845,0.07573285145762561,-0.9896398123151754,0.06288658062613502,-1.0508255666290776,0.04789993951999698,-1.111578347688819,0.030316324668297253,-1.1653465122959472,0.010420165709292308,-1.1981817746628327,,,,,,,,,,,,,,,,,,,,,,,,,,,,,,,,,,,,,,,,,,,,
29,-1.9952584150163117,0.7909878619700395,-0.012955122978518991,-1.024787974071071,0.4209625469946133,11,-2.0088944195653555,01101101101,0.7433475871508018,-0.05131908125610113,0.022015611235517218,0.12946741649995788,0.659820941599948,-0.11740706455004973,-0.06244365158386395,0.09736113680899046,0.5598511372038848,-0.20543446378716043,0.04293931225574869,0.06257582394726967,0.46390458274915813,-0.2939144382961005,-0.04496722980464072,0.0441700338574792,0.3867731569676849,-0.36243279322898536,0.022313021139413306,0.021119478723471637,0.3336292482843325,-0.40549241717844,0.022738023973942464,0.014494666104073437,0.3005035715782074,-0.43294112216951036,0.00539086348463781,0.0074472600183883506,0.2786633130865904,-0.4589775454838961,0.003460223474597097,0.0010470832530412658,0.26025256670407937,-0.4910691742823497,0.012477732266264125,-0.0014055909892068648,0.24194644744427277,-0.5282083997715683,0.22483579923635796,-0.5676243484765515,0.21137129602101662,-0.610883745039295,0.2020820712081411,-0.662050412349307,0.1945714906465531,-0.719914722202182,0.18524184027308274,-0.7734508903813768,0.17201304188579605,-0.8071753087591228,0.1557105311265845,-0.8132493324739657,0.13913534022988205,-0.7997287750557717,0.12481700063244353,-0.7868938264004458,0.11337548265770936,-0.7940306662910079,0.10362734979738164,-0.8275764439949119,0.09394617195272792,-0.8800950765926888,0.0834421306492663,-0.9395474708914894,0.07200372084438955,-0.9992849835134615,0.059517608595574985,-1.0595567556541934,0.04535451590782983,-1.1203549677040747,0.02878716717437925,-1.1741185180912759,0.009917081653473455,-1.206736259651368,,,,,,,,,,,,,,,,,,,,,,,,,,,,,,,,,,,,,,,,,,
30,-1.9970679781290253,0.785994069368457,-0.012224534022729331,-1.0241744446277374,0.4192953017270771,11,-2.0088944195653555,01101101101,0.7433292954908154,-0.04871733601223557,0.02560030956788617,0.130721791266962,0.6672504668182204,-0.11224310271124376,-0.06447410657266887,0.09680394320563455,0.5735476859598087,-0.19769223505380598,0.04279786180114438,0.06226044638287051,0.4798726477897677,-0.2844474777814806,-0.04598937936177077,0.04296495130190961,0.40055299227005525,-0.35214854997708905,0.02136309012074413,0.020951726011436387,0.34276396020123845,-0.394541674445916,0.022925535793783338,0.013265169054910816,0.3056016379817508,-0.42094083425243883,0.004124595177331569,0.007404263596245918,0.2824101092715666,-0.4459327123117262,0.0028463984305994367,-0.0011691531055334884,0.26512229784839664,-0.477557502683381,0.01551885931314558,-0.0009404369014777975,0.24831457671613397,-0.514110204060128,0.2309119407727372,-0.5507068351781016,0.21496994787631454,-0.5875326330609417,0.20276851721409445,-0.6307188483136947,0.1943759194339724,-0.6846555528902448,0.1872798404520959,-0.7435727949577067,0.17809397268193286,-0.7917260521145592,0.16490172671148068,-0.8138804269753653,0.14849428052370794,-0.8079638823158961,0.13170850252709895,-0.7889041499256758,0.11747368640766977,-0.7796816358884385,0.10699231879511226,-0.7964387882552674,0.09920971980706378,-0.8394799209687349,0.09171268095739026,-0.8967390765434784,0.08225723653239723,-0.9555260673443018,0.06988743263843972,-1.0116839458984166,0.05508664511106602,-1.0684873366859227,0.03911787340443986,-1.1274911513413244,0.02313754865940407,-1.1809654984014053,0.007628219575807802,-1.2138198384551133,,,,,,,,,,,,,,,,,,,,,,,,,,,,,,,,,,,,,,,,
31,-1.99847354308723,0.780472170180616,-0.011130709521516957,-1.0244503442190835,0.41872281642672304,11,-2.0088944195653555,01101101101,0.7425699733296759,-0.04446528153994238,0.030557745623432227,0.13076719976301798,0.6736777944482072,-0.10314485423287802,-0.06528957191733507,0.09681427379245101,0.5862404218174538,-0.18372407160232007,0.0426585426049014,0.0614090887958142,0.4953977756961142,-0.2682428530534137,-0.044796777353370405,0.04135843199442602,0.41503302841409384,-0.3374186523506418,0.02330223629680259,0.020074853441669375,0.3538763012380916,-0.3833409246534152,0.02282691546322779,0.013546032073188313,0.313359010364876,-0.4123677646384032,0.0030516874359424982,0.005928370449211668,0.28843201467480906,-0.4373802212329105,0.001960321762851986,-0.0012434034587743223,0.27108297498933126,-0.46701651933797594,0.01642806923859192,-0.001999222556928052,0.254699319590265,-0.5010328387986284,0.2368739849929913,-0.5346767003536587,0.21924423494940054,-0.566691980380483,0.20487562496306633,-0.602578865895876,0.19522461453782067,-0.649490090818565,0.18877783016450086,-0.707280957311049,0.18208967621783861,-0.7644016306107042,0.17218700035534087,-0.803653545301985,0.15846255824447059,-0.814337357583065,0.14276760612464653,-0.8013289520531813,0.12786323717568307,-0.7834591943021184,0.11553822288973632,-0.7819244988093096,0.10573400810098728,-0.8074065395617012,0.09706011086306655,-0.8554814818740432,0.08800448204867983,-0.9130213913774332,0.07779159672536586,-0.9694362657151434,0.06637155972141555,-1.0231671944568166,0.05385769755924914,-1.0785332045498637,0.04012250359496358,-1.136651333585627,0.024947596366651614,-1.1892412688482286,0.008490582510370381,-1.2214012793757214,,,,,,,,,,,,,,,,,,,,,,,,,,,,,,,,,,,,,,
32,-1.9995028714932088,0.7819275885148096,-0.010603580706067033,-1.0178106230636284,0.4190900081023504,11,-2.0088944195653555,01101101101,0.7472931374653546,-0.04181122346972458,0.03135591236369585,0.13150907560785075,0.6832989854256312,-0.09636078531024318,-0.06801067922202018,0.09772411207780064,0.5999822499352293,-0.17230819726536675,0.044455717829010234,0.06269815164113149,0.510572873398616,-0.2543830277939662,-0.04366356240179752,0.040662149972791495,0.42851687539381034,-0.3246354466564669,0.023019678105567938,0.02047316516067602,0.36371663348808825,-0.3737510254708824,0.02294807623581524,0.012975535481782242,0.3196073938362387,-0.40512051198776294,0.0025861370593919094,0.006277384548961853,0.29275221309434935,-0.42973476229711743,0.002384716681564754,-0.002179130140841954,0.27544752001618095,-0.4569598266978909,0.01584622167888388,-0.002848236374855334,0.26005941033290864,-0.488783185455,0.24268641269399552,-0.521491130856341,0.2241361471172535,-0.552195865186108,0.20792279835054292,-0.5836507492730676,0.1968823720114915,-0.6225807938738929,0.19076470896753472,-0.6726908031979234,0.18630365251445388,-0.7285406885012472,0.1794552251835878,-0.776294173122938,0.1680415992643749,-0.8019550258713766,0.1529335051754856,-0.8014374389595185,0.1371089565460149,-0.7848251978812034,0.12347016013962334,-0.7712265389283547,0.11305055056107419,-0.7776386239832421,0.10474900130913824,-0.8096999977047419,0.09649238128162249,-0.8606266406496365,0.08674513311069151,-0.9182871166708746,0.07524461032548585,-0.9743085333751254,0.06263658697681058,-1.0280515786656006,0.04958325454185596,-1.0829144449521315,0.03619951468786955,-1.1388503208074656,0.02221064480958637,-1.1879858062660105,0.007511243965548693,-1.2174610086579212,,,,,,,,,,,,,,,,,,,,,,,,,,,,,,,,,,,,
33,-1.9997432421540635,0.7823803473280481,-0.00983987804933768,-1.0182344440971551,0.4185628891198679,11,-2.0088944195653555,01101101101,0.7497558328009947,-0.03897838638440564,0.03137066987078416,0.1314280041447729,0.689034065274144,-0.09051641670726579,-0.06735580029069682,0.09774266778074853,0.6090126936845229,-0.16345723106542256,0.04414036779405371,0.06299001310129215,0.5216607646388067,-0.24407061332601274,-0.04368516561199315,0.04100245679158288,0.4396887661892114,-0.31504351831009236,0.02298995296456699,0.020758097714653343,0.3731600938248501,-0.3660187109632463,0.022934107529365706,0.012912652134179466,0.32651238093037377,-0.3984527455529015,0.002619660574049889,0.00645520139105251,0.2976190525237059,-0.4222181767751305,0.002701664799203381,-0.0017565259062565708,0.27964551939280236,-0.44739135728993484,0.016487258550112127,-0.003530512111448594,0.26488438334715353,-0.4777408257986237,0.2485226903521704,-0.5104578448159257,0.23029141269829453,-0.5414097548949529,0.21325088199374026,-0.570831064528626,0.2007431114018265,-0.6042569321165269,0.19361294107825094,-0.647629267542948,0.18946440054288277,-0.7005366272041786,0.18424691137586818,-0.7534577309137993,0.17489766388029915,-0.7920730972930328,0.1611665716080868,-0.8062785697805903,0.1454643060755739,-0.797652599894071,0.1310182937569912,-0.779849884148402,0.11974176765389669,-0.7712922190602894,0.11126472057284145,-0.7849949636617118,0.10360849429115833,-0.8223384860367453,0.09478795563435702,-0.8746215433806238,0.08407617327800798,-0.9305745046939822,0.07209636250110484,-0.9839000159088126,0.05989479806166707,-1.035350363845973,0.047897643702949425,-1.0883677642899385,0.035617976709961634,-1.142365130166601,0.022261797404117243,-1.1894441065218708,0.007613305925448283,-1.2174948323775279,,,,,,,,,,,,,,,,,,,,,,,,,,,,,,,,,,
34,-2.000346408543458,0.7795206296614371,-0.009735565361283512,-1.0180560367167413,0.41826868451002563,11,-2.0088944195653555,01101101101,0.7493870464691004,-0.03781693867372257,0.03401705648152942,0.1318007218176816,0.69298266699692,-0.08654903281751695,-0.06827394770905222,0.09682327237992137,0.6178508548956544,-0.15572092914125762,0.0438005962488353,0.06308714207362333,0.5343942190508386,-0.23346632124330655,-0.043534837193055266,0.040094598858246074,0.4539923295228742,-0.3038279147151924,0.023158562541734456,0.020370921199091993,0.3862520256546874,-0.3561201471683485,0.02192855792267416,0.01192346466726271,0.33636626010682985,-0.3900672468423824,0.0022643081419989504,0.006474080414008398,0.30388128276728493,-0.4139083119963943,0.0028558999883219766,-0.002334973204892846,0.28367087200254776,-0.4375693250905479,0.016604934441219202,-0.0031297946136441225,0.2687910991208623,-0.4661348223038436,0.2538165147414131,-0.4981131044886745,0.2369479374274429,-0.5290995176029983,0.21988261314081947,-0.5573500074001735,0.20574473007445004,-0.5864838361896659,0.1964783613293259,-0.6229245294015501,0.19132070766216433,-0.6699201628661472,0.18719144736444307,-0.7228665680228756,0.18058551776893086,-0.769996014322907,0.1696524510378243,-0.7987032013578144,0.15513686292014062,-0.8035891065047202,0.13968499156329406,-0.7907776831686594,0.12609528412641688,-0.7753758806054175,0.1156959922531516,-0.7735236036730359,0.10782086502912809,-0.7941046753609654,0.1005435565566763,-0.8353179508280524,0.09201631684015601,-0.8878798149852865,0.08147681053292367,-0.9420998932203858,0.06936033750605286,-0.9936379625862988,0.056645273102599904,-1.0440628849526556,0.04404946036313547,-1.096342319878416,0.03166979226695785,-1.149137945107171,0.01920911983564362,-1.1945609937981583,0.006455940916007971,-1.2213555787499073,,,,,,,,,,,,,,,,,,,,,,,,,,,,,,,,
35,-2.000578028378041,0.781966076138396,-0.00938836854444072,-1.0187683636657738,0.417202538941778,11,-2.0088944195653555,01101101101,0.7529044149728237,-0.036185548551144295,0.0351499672353025,0.13357507307474714,0.6984817694000662,-0.08245406406294963,-0.06900314297353392,0.09675196272787259,0.6258157502167685,-0.14864269674512068,0.04365754426886692,0.06322849181600193,0.5445814267086818,-0.22433410320708003,-0.04349141885895094,0.04064184078622755,0.4653209244906322,-0.2945915177896682,0.02285478015713041,0.020435595818739143,0.39709878961086204,-0.34838033825546577,0.021738381791346045,0.012068049616638604,0.3452387431840672,-0.3838820161093149,0.0024385623999935596,0.006747217602787452,0.3101370253781736,-0.4078058525463803,0.0028561438731019733,-0.002068895063658829,0.28782912676683914,-0.42981059095113644,0.016978424921663286,-0.0028953797283695197,0.2721823967971545,-0.4561759854101425,0.257736760042564,-0.4869613898874014,0.24184123552754522,-0.5181316687408959,0.22509890049513462,-0.5465237791146399,0.21005600759012583,-0.5735918468496385,0.19902126184429622,-0.6049093767293854,0.1923221486975571,-0.6456361632021657,0.1879602201858824,-0.6952640237548504,0.18274546836989633,-0.7457205679125379,0.17411762537658731,-0.7847475049119214,0.16151817448493344,-0.8028363993734715,0.14653374409988587,-0.7994014933541479,0.13182531895437055,-0.7841218533451874,0.11957449774934661,-0.7723839241035106,0.11038882416245482,-0.7775189390271039,0.10323079903797906,-0.8045467902097818,0.09625978171492615,-0.8490724227634705,0.08795181624720796,-0.9015717307035517,0.07779798027494222,-0.9538539031467314,0.06625980561092802,-1.0032920998900878,0.0541802377044339,-1.0522107805157657,0.042152870688386274,-1.1033056121786344,0.030270446290447218,-1.1547277909425313,0.018318982661477603,-1.1986135369659823,0.006145974548937565,-1.2243304588282415,,,,,,,,,,,,,,,,,,,,,,,,,,,,,,
36,-2.001585460668065,0.7842594650698789,-0.00894875142756042,-1.0180574274504306,0.4132267082968798,11,-2.0088944195653555,01101101101,0.7548387941913443,-0.0342151038762365,0.03664546584598915,0.1342750185706393,0.7001576092555077,-0.07760297544894351,-0.06811251486757845,0.09575115835683332,0.6278600781774444,-0.1401858233725849,0.04080835636513442,0.0656636211821947,0.5477327506508153,-0.21312447823526126,-0.04133835833462198,0.03976279982598822,0.46982359873838697,-0.28282527279572744,0.02495364749293435,0.02232895483030291,0.40237264636457243,-0.33828518432399696,0.020495220514361985,0.012835812654972939,0.35011769325079,-0.3763079542576611,0.0006561059300381486,0.007627797489795271,0.31356447311981145,-0.40180417519051925,0.004630863621164981,-0.0017065290412426584,0.28954770682613157,-0.423523143349238,0.016337177854662443,-0.0017275085417675497,0.27292184772179146,-0.44830108016689935,0.2587294332864198,-0.47755931869595597,0.24396490239438093,-0.5080319338646558,0.22823232034437907,-0.5357703755233219,0.21312086344693895,-0.5603078867889494,0.20073220385224852,-0.5858658727570732,0.19217328517632223,-0.6186032943688592,0.18678129324606196,-0.6617131026314715,0.18241130914142417,-0.711781746615312,0.1765377355793133,-0.7591621187681135,0.1675135643421717,-0.7925751314729892,0.15530358183933873,-0.8053855880429556,0.14134638477169484,-0.7997932066043743,0.12769321915803641,-0.7863371658218783,0.11593838944044639,-0.7789146557653532,0.106509513247159,-0.7881933499895792,0.09863040682740047,-0.8171757974713587,0.09087975855390429,-0.8612322796765199,0.08197392893957092,-0.9121158266404883,0.07134895209690095,-0.9631077920244157,0.059296083366591576,-1.0119884322248776,0.046678775931637426,-1.0601953844322938,0.03445896393154175,-1.1091653450213563,0.023293254757024207,-1.1567034672700887,0.013348495972230468,-1.1961037612824634,0.004334898543435782,-1.2187882873643539,,,,,,,,,,,,,,,,,,,,,,,,,,,,
37,-2.0023342856067314,0.7808476130229948,-0.009244613843968467,-1.0183769191800285,0.40137065616640777,11,-2.0088944195653555,01101101101,0.7528191860912558,-0.0343433673375689,0.03845425107892941,0.1427532109342691,0.7005646574561214,-0.07585009721916913,-0.06987757501628114,0.09573089174759972,0.6310679617523262,-0.13516494111872224,0.0425069425754371,0.06691472547942498,0.5532891285877912,-0.2048372982967671,-0.04291962424832603,0.0379444758800945,0.4765098787535124,-0.2727318233652391,0.026525032189852867,0.022539348006051292,0.4085311281577922,-0.32833942309394715,0.017652086335468064,0.012539843219999309,0.35417306531274656,-0.36768101961168215,0.0006832095487827299,0.007926451542779388,0.3145466273994874,-0.39424605642881927,0.004923026538616379,-0.0017678230354691213,0.2873780721131094,-0.41582659405066036,0.01601172069264589,-0.0015084469251765227,0.26830974468374685,-0.43947824114935424,0.2527146917501953,-0.46776021181779903,0.23733891830987092,-0.4983881788120576,0.22115207772191442,-0.5271697306575535,0.20513561265759583,-0.552014374888637,0.1912112455190175,-0.5751985193857927,0.18088515287408474,-0.6022691898025526,0.1742731897745142,-0.6382058020524418,0.16994154591984476,-0.6833106413929136,0.1655697273292097,-0.7315967702642793,0.1590396105912833,-0.7729863149074966,0.14937526214597993,-0.7983100001098888,0.1370786445495836,-0.8043357585818051,0.123743945551361,-0.7959358965213971,0.11120018543187246,-0.7841105570351724,0.10063984515912665,-0.7809529997809049,0.09215053506445817,-0.7943496977401501,0.08482391634483814,-0.8252500287409253,0.07731679828077212,-0.8687301772765652,0.068540893019858,-0.9178220910316566,0.0581450213753278,-0.9675526557377534,0.04660394200962071,-1.0167327486543676,0.03493891707796784,-1.0666284107006787,0.024251742871331753,-1.1176987124553313,0.01529270768635352,-1.1668032012846525,0.008215571302948017,-1.2069241313708194,0.002562726753038905,-1.2297764406288432,,,,,,,,,,,,,,,,,,,,,,,,,,
38,-2.0029315262085694,0.7961552711366552,-0.008171601218867546,-1.0151164745241217,0.4017719016640813,11,-2.0088944195653555,01101101101,0.7669006705687613,-0.030908776651321468,0.037934346244056574,0.14380316599412565,0.7124406539312701,-0.06968694181159629,-0.06883265510248551,0.0958799797430222,0.6401835835648327,-0.12635918683559047,0.040997664434836545,0.0710682541129283,0.5595835104917011,-0.19433236962821063,-0.04038339132719635,0.03995343593695597,0.480380882735827,-0.2621253358538655,0.02684662775579195,0.025458935617069935,0.41072633820700144,-0.3191146247510091,0.017645880971116176,0.015447122331660318,0.3556402634734958,-0.36037190962208454,0.00017679993813739727,0.009741353193052887,0.3162614387633483,-0.3881478395980825,0.005741481125452162,-0.001368679935968004,0.29015549781794175,-0.4095173899289897,0.016593296543409995,-0.0018450434297265018,0.27261705363671723,-0.431833573494547,0.25853209680558925,-0.45873509536955936,0.2441366636740363,-0.48893626471554524,0.2280383230742014,-0.5182521918264681,0.21116816189505563,-0.5433515802555472,0.19578011759792385,-0.5647361883276122,0.18401002757204252,-0.586983218488034,0.17666581977366547,-0.616009547297441,0.17277133909007675,-0.6549863428824165,0.1700065585382445,-0.7014329531319862,0.16576367261252803,-0.7474105228925608,0.15827445842260673,-0.7829679521712157,0.1472760323486849,-0.8010946159601531,0.13394563238345683,-0.8015108474722762,0.12020430802035613,-0.7912163045683329,0.1077767133609606,-0.7814800187481223,0.09746732632209637,-0.7828832285147205,0.08895799031615902,-0.8010239816852177,0.08114842861040227,-0.8350171099543552,0.07280409738280773,-0.8792843301843156,0.06316720619346261,-0.9272953443430435,0.052259161645193286,-0.9749451858827082,0.040792250514957364,-1.0216613870147644,0.029801421272629636,-1.068831874420827,0.02020733710794251,-1.1168078641010692,0.012499447424029113,-1.1625717815210221,0.006623878434963333,-1.199692564770299,0.0020516732330747387,-1.2207335165190214,,,,,,,,,,,,,,,,,,,,,,,,
39,-2.0034876720615555,0.7976420820611049,-0.007422185721420261,-1.0147387128847403,0.4005903561161254,11,-2.0088944195653555,01101101101,0.7695581751314201,-0.02846644460969082,0.0403460419719917,0.14510974269487523,0.7172002657778751,-0.06519791915190869,-0.06988882873666713,0.09670554116337604,0.647501476207867,-0.1198064369734251,0.03947710088572065,0.07099279552207183,0.5692554381648233,-0.18637451822409634,-0.03950340016726224,0.04041748342118572,0.49150063972959934,-0.25394051837782305,0.028500055773024693,0.02536701269268213,0.42187341394662337,-0.311773626320557,0.015781585551666394,0.014954014064919337,0.36529948192495315,-0.3541462131723773,-0.0004933442145115541,0.009857134184793353,0.3233511285447372,-0.3822726152244189,0.008013834191281991,-0.0016959408706554472,0.29444481625858054,-0.40266300015999884,0.016833741790513588,-0.0010528043486218355,0.2748190077220887,-0.4230444169368946,0.25998709587411406,-0.44820528789550745,0.2461998154732049,-0.478004423370329,0.23144896651531013,-0.5084607904581914,0.21571445802673983,-0.5350696344135146,0.20044130410648295,-0.5562617567969438,0.18752094346124976,-0.5749021198824957,0.1782246840476534,-0.5968968446118359,0.17252525934291396,-0.6276686187167584,0.16905390279605928,-0.6685163952359116,0.16565973105984472,-0.7149956574562221,0.16028820152076287,-0.7583765102046407,0.151781023574417,-0.7895586356827634,0.14026231590179442,-0.8034704493530402,0.12697665970445707,-0.8016925095764477,0.11368747409213459,-0.7919696901991254,0.10192085554004605,-0.7848976011901215,0.09238020240539441,-0.7895018208169441,0.08475590073973818,-0.8099109760749604,0.07796922710604051,-0.8446299239482091,0.07070783415458563,-0.8884672185058855,0.06200751020477119,-0.9357800221480722,0.051643831015465234,-0.9831240758777959,0.04019895682258629,-1.0299117308424743,0.02880892265138235,-1.0769457949338013,0.01871477488371853,-1.1239625918394351,0.010796403524965041,-1.1678619132902008,0.005252709371267153,-1.2028364785622947,0.0015251067227180647,-1.2224384865888092,,,,,,,,,,,,,,,,,,,,,,
40,-2.003608571234399,0.7970177904995492,-0.007120219608656205,-1.0138541452965502,0.4004433026151769,11,-2.0088944195653555,01101101101,0.7703569559268851,-0.027217866268227656,0.04066100919057831,0.14500317714080202,0.7204360495937022,-0.06227016357242944,-0.07185369488385375,0.09632349690604625,0.6535058638613377,-0.11475390614182726,0.03877781938965133,0.07111255647830979,0.5776275343546065,-0.1796074150996654,-0.03951111566316462,0.04007515369239469,0.5012873812556015,-0.24674489086566828,0.029280100843312274,0.025233644456957704,0.43190716191702455,-0.30569566719757385,0.015952856314480485,0.014949786981604266,0.3745677731318307,-0.3500883581082363,-0.0005842561684875557,0.009923064604756204,0.331269305170908,-0.3798782351186553,0.008527635935299547,-0.000798440697607126,0.30094621745130756,-0.4004260278197946,0.01684698722276574,-0.0018328932253776093,0.2802512427628572,-0.41913851148844106,0.26487685698491903,-0.44155282108617794,0.25099351797124975,-0.4689060900011892,0.23633560482280153,-0.4983338278389081,0.22059323471899822,-0.5253859712792981,0.20503051057279012,-0.5473160081929043,0.1915454341573011,-0.5652287848318057,0.18159171203002356,-0.5838420195070116,0.17541174625761607,-0.6089500637448866,0.1718730453831488,-0.6439565477006718,0.1689286402231453,-0.6873846355742487,0.1644566854618075,-0.7327953205645329,0.15709004361696105,-0.7713016536801297,0.14667999856729508,-0.7955154474605094,0.13422406234309187,-0.803008891838657,0.12133381207418839,-0.7976032732965453,0.10951111470322758,-0.787880617420937,0.09955839069927287,-0.7836814966172031,0.09135686407143286,-0.7922986563010334,0.08406137545933312,-0.8161318821155987,0.07657447564092906,-0.8527390721592311,0.06806019480910022,-0.8969651031994845,0.058275227996049894,-0.9438201317693865,0.047608340239965616,-0.9905255678916302,0.0368617789958763,-1.0367431550115596,0.026910684115785028,-1.0830890549360705,0.018397661463766903,-1.1290012645518632,0.011565931189557798,-1.1713527072374315,0.006248299789668373,-1.2047284855404818,0.0019616687988158734,-1.2233007531190216,,,,,,,,,,,,,,,,,,,,
41,-2.0038178868774628,0.7961935718043133,-0.006298459249469603,-1.013956372754309,0.4010020504809987,11,-2.0088944195653555,01101101101,0.7708573929351975,-0.024472246749708354,0.0402570496001841,0.14437904298418236,0.7233225791062348,-0.05704107030075427,-0.07444921801024404,0.09702902485227387,0.6593470531582201,-0.10685465219286981,0.038829399798855156,0.07062493242821632,0.5863500588893986,-0.16979112916124917,-0.03790771782226372,0.03912351612656706,0.5121639741988255,-0.2367532607701122,0.032042822178789926,0.024649885182712546,0.4437207776484665,-0.2976609077890446,0.015480026027044187,0.015658212389046664,0.385939032995366,-0.3455655695203737,0.0009672543178312523,0.009085732105164035,0.3410626800843203,-0.37904525709889547,0.00777181172786593,-0.0008002963548347872,0.308614946014312,-0.4019340203742541,0.016757873934222327,-0.0013153654813078395,0.2859786473563999,-0.42074436330669934,0.2694379075812572,-0.44121089186727686,0.25537536921879656,-0.46570945293802773,0.24126929359913005,-0.49275609673378934,0.22620342434613647,-0.5186678637798491,0.21077153798473028,-0.5403513588360396,0.19646919575469837,-0.5576358770207182,0.18483881827199772,-0.5738487830638015,0.1767047509702914,-0.5942819424947003,0.17177685759962613,-0.6233236964096397,0.16874052208830917,-0.6617543631094802,0.165754792076984,-0.7056578792954289,0.16112817145774774,-0.7476132856377488,0.15389151383964386,-0.779697260252712,0.1440529716360481,-0.7969221637846968,0.1324659348737877,-0.7995042910271962,0.12040127679453468,-0.7929128341883446,0.10902296412508666,-0.7857079012652498,0.09898183834149808,-0.7862077925624766,0.09026912726157736,-0.7995269558472777,0.08234932894476846,-0.8262667083223348,0.07447812246690894,-0.8632746171879347,0.06605142987472537,-0.9058665727289876,0.05684389817076578,-0.9502427192905963,0.047062816509763565,-0.9948416010769582,0.037229069439368864,-1.0400303870898562,0.027960820999004436,-1.0864617625852777,0.019755498282873613,-1.1331464131875226,0.012842897217115878,-1.1764247043824358,0.007137590575965025,-1.210515311798394,0.0022782375796255856,-1.2294514311202485,,,,,,,,,,,,,,,,,,
42,-2.0041863924557424,0.7945852133486075,-0.006627079388109704,-1.0137662074323168,0.3970371052081936,11,-2.0088944195653555,01101101101,0.7704876327262327,-0.025000441012503295,0.040209890365017056,0.14684815974197848,0.7251204679554364,-0.05667905805644818,-0.07435890123450153,0.09668200767288562,0.663694632122019,-0.10456032571755508,0.03745066905289123,0.07082125250128571,0.5929775310896601,-0.16523657071676337,-0.039102636622459476,0.039613055120427246,0.5202127918539594,-0.23057000499089828,0.03233758778476443,0.024967343684111857,0.45197039834542085,-0.29110187551263617,0.015413564500182626,0.014886873684888325,0.39314523677054586,-0.33977092741606163,-0.0011309537707086554,0.008990029139905332,0.3463131864084645,-0.3743476112131518,0.010452223092998416,-0.0010625139816704328,0.31158987905097507,-0.39763402139310267,0.015550140722675073,-0.0011173798288623615,0.2870230513040196,-0.4155225879276708,0.26941151019301224,-0.43396054985611177,0.2553241770320171,-0.45629763025687714,0.24203432798754673,-0.48222108412468506,0.22811288254946988,-0.5086581031481898,0.21353640656906314,-0.5320567574789505,0.19932502298262778,-0.5508065848175736,0.1868775295731283,-0.5665293984526357,0.17726148464690664,-0.583559487859658,0.17071287852889208,-0.6068449232261721,0.16650655834136974,-0.6392939478454581,0.16321227001784006,-0.6798830064187433,0.1592086757677722,-0.7235002890007189,0.15324220220582085,-0.7626893580126741,0.14481797636990815,-0.790568972945041,0.13429056865258363,-0.8036566041497096,0.12264621076460314,-0.8033660460922551,0.11108459168313713,-0.795553084055754,0.10057308722767452,-0.7883548536100453,0.09153914110109525,-0.789298795664771,0.08379734947633061,-0.8029155913878594,0.07670985415953104,-0.8297793031912498,0.06949286505353544,-0.8671900647048767,0.06153983739679028,-0.9109617802780109,0.05264325516742858,-0.9573355006558127,0.04304988590156245,-1.0040982357985393,0.033352250718546944,-1.0504859023112205,0.024274103118331915,-1.0961160146629987,0.016432409092116157,-1.139689455922679,0.01015059597737199,-1.1782816740916988,0.005368542992415335,-1.2076894932081153,0.001659941286348329,-1.2237092949563724,,,,,,,,,,,,,,,,
43,-2.004568450895234,0.791527127747873,-0.006567126820615939,-1.015244534189629,0.3942136489789227,11,-2.0088944195653555,01101101101,0.7690691127445015,-0.024398869357742967,0.04119752252875323,0.14759072374221735,0.7265554465934478,-0.05455012428236743,-0.07555718421284145,0.09783128162346492,0.668466398843305,-0.10003186248063511,0.036374095038750866,0.07156362987000074,0.6007385715534951,-0.15823217754843769,-0.03936833165742506,0.03881318387753545,0.5299121872489975,-0.22208637669055956,0.035194612437291925,0.02411809223622249,0.4621639307546868,-0.28288536726552277,0.013665991065612058,0.01438582804987793,0.4023907394029491,-0.33352793382436546,-7.17534013237593e-05,0.0082186941786979,0.3535323098657938,-0.37089230721477895,0.011138361383812637,-0.0006085075090873199,0.3162935999588309,-0.3964348109261963,0.01409022585884279,-0.0017342799275871339,0.2893460266904526,-0.414915558680791,0.26996350843421774,-0.43194909749357896,0.2549240532878469,-0.4515348733611782,0.24142442873746303,-0.47465171237223364,0.22774937152323346,-0.49945398264546254,0.2135162725293152,-0.5228460565386587,0.1994573573549785,-0.5425851632872146,0.186855066706187,-0.5588491656384564,0.17685689851519484,-0.5744899422297234,0.16992299625955062,-0.5938324986091447,0.16559459730619805,-0.6205746192629165,0.16264092623034354,-0.6557731567588273,0.1594978112597587,-0.6968780712810776,0.1548086957428979,-0.7383114983849076,0.14785496257324304,-0.7734017909457817,0.13872209969821983,-0.7968834873018126,0.12816252231856023,-0.8069291135673441,0.11723604859466644,-0.8058886338144207,0.10688708231373263,-0.7994725589362707,0.09762581048203783,-0.7947678490156789,0.08942192564914761,-0.7979321618410964,0.08182347565728001,-0.8124811385401732,0.07422307595661218,-0.8387558834471462,0.06614533514455942,-0.8746023059761602,0.05743827233199289,-0.9167731759337929,0.04830727852724461,-0.9623100756792928,0.039203448211618266,-1.0092727899368787,0.030635313722489114,-1.0565807240530478,0.02299165573724527,-1.103207160745765,0.01644067796396291,-1.1472882865835827,0.010924000153114365,-1.1857263545704753,0.006218470227574069,-1.2145851787704909,0.0020164660049714483,-1.2301475417711982,,,,,,,,,,,,,,
44,-2.004598040747619,0.7927778563869249,-0.006114138261474251,-1.0174988563229144,0.39367386547395167,11,-2.0088944195653555,01101101101,0.7710280662886316,-0.02275589336756549,0.04344936579228669,0.14752699968972138,0.7298024947685466,-0.05107071039302069,-0.0769701800423646,0.0977676479959166,0.6733378871749958,-0.09420650364337352,0.036192739100440664,0.0726382073632923,0.6072448008065933,-0.15019198073827156,-0.03945853787728453,0.039101085740443804,0.5377129012547965,-0.21280472609150475,0.037032384075618846,0.023655593970626713,0.47062369677653826,-0.2739221752809156,0.013037785234173895,0.014902910345454318,0.41071812222772686,-0.32640401643027345,0.0012510074274440148,0.008337923426554386,0.36097749184351385,-0.3663904785955351,0.011705991412729377,-0.0005633652610199634,0.32235021492065397,-0.3941872345750816,0.013019684098906307,-0.0014894372328598982,0.2938894998300123,-0.4135135689730892,0.27327083596063517,-0.4295570755450981,0.257558486517722,-0.44672907818722507,0.24401998688012225,-0.46707243580420493,0.23077330372361382,-0.4899301717452112,0.2171022826637642,-0.5129010808198128,0.20337905818563412,-0.5335443678873882,0.190654496823455,-0.550990338110975,0.18007842672271418,-0.5666904597464841,0.17235599492270395,-0.583952443365066,0.16742032893952224,-0.6064654526961564,0.16441557362385728,-0.6364797572304302,0.1619706287568166,-0.6734661186371614,0.15864405601240378,-0.7138785560118766,0.15336968514167318,-0.7521733739611296,0.1457459821057228,-0.7827046409803227,0.13608116975288573,-0.8017504111547972,0.1252012373121905,-0.8088762771173637,0.11411220702226531,-0.8071245988285026,0.1036509427264807,-0.8019996713833845,0.09424799483348667,-0.799691549500587,0.0858706349065356,-0.8052472557534355,0.07813982791804666,-0.8213575706097801,0.07055187645545367,-0.8481164041646158,0.06270676503744037,-0.8836780564361523,0.054457748839540465,-0.9253791682793188,0.04594017005187851,-0.9707570084346165,0.03749033423997136,-1.0180263815320394,0.029504942509635288,-1.0658949982588022,0.02230398971847328,-1.1129427104339493,0.016044673095667723,-1.157000427582541,0.010702290032295888,-1.194947323770626,0.006103355034520833,-1.2231183264440872,0.001980199509071942,-1.2381945166742792,,,,,,,,,,,,
45,-2.0052966519008857,0.7852579136194402,-0.00556446792260496,-1.0109027107609216,0.3779323464899252,11,-2.0088944195653555,01101101101,0.7639877847950536,-0.020862575977705522,0.04320487109086189,0.15369620751392013,0.7236486417311767,-0.047257311716248855,-0.07839067076532266,0.09829392235741535,0.6683340040399617,-0.08795195213659006,0.0378492975093225,0.07270549351157132,0.6034515134166658,-0.14144427359500916,-0.038246223230905305,0.039211600013940945,0.5349537990077107,-0.20219631616920497,0.0369582721400259,0.023647941292016632,0.46849388938711645,-0.2626569668093377,0.013551079251405692,0.01506434353639593,0.4086458121313547,-0.3158489506386669,0.0008055459860920616,0.008557985804042498,0.3583334355300786,-0.3575558510425522,0.011837445297661552,0.0004728239682445462,0.3185811793788458,-0.3873430414912395,0.013053731687512098,-0.0016128473222542206,0.2886381656251541,-0.4081302821389481,0.26644356806282044,-0.42460406499986225,0.24931670510731016,-0.4411868327041186,0.23469652772467797,-0.4604034880050606,0.22074259396689372,-0.48226645885812425,0.20665109981229088,-0.5048414373860516,0.19262504920431262,-0.5256530493922277,0.1795414811176753,-0.543250833764794,0.16844758421170697,-0.5582150601462501,0.1600623208117657,-0.573146586317273,0.15444634998273302,-0.591636378453506,0.15093634434894343,-0.6166555668935272,0.1483444141620275,-0.6490602905949941,0.14533315008640368,-0.6868650512790356,0.14082294542217438,-0.7256255513540552,0.1342879102563652,-0.7598205306994519,0.12584702813549986,-0.7847194810390637,0.1161371144140714,-0.7980322866337821,0.10603273160447221,-0.8007299038280465,0.09632682630259322,-0.7967563827385569,0.08748871173037298,-0.7917807449057539,0.079575593030144,-0.7914872275891686,0.07230884464146112,-0.8000381304012206,0.06526349050257899,-0.8192225461090429,0.05808272461791732,-0.848491382164708,0.050630672187341456,-0.8857144710777143,0.04303179860379443,-0.928232761997227,0.03559710044119049,-0.9737193007275657,0.028682902384791365,-1.02051633217674,0.022549578266699507,-1.067400005842594,0.017278281704974315,-1.1130045958370849,0.012770835413594379,-1.15528958514993,0.008817933281416755,-1.1913937322261354,0.00519217878864705,-1.218017104058243,0.001717208054385619,-1.2322052164815538,,,,,,,,,,
46,-2.0054780351741295,0.7848081167768391,-0.005654603804143063,-1.0071835906832975,0.3791601464010338,11,-2.0088944195653555,01101101101,0.7645327074143039,-0.020852923074969623,0.0439918281978309,0.1523223298223045,0.7259774813617974,-0.04645218482525349,-0.08129057469132969,0.0979373712896047,0.6728675446608399,-0.08560393598530583,0.03674107750909051,0.07308110848979167,0.610157910921905,-0.13716169277867796,-0.03757618562175684,0.03883510381021712,0.5433653721413538,-0.19619565468356998,0.03841810441803851,0.023768030956970814,0.4778265574424232,-0.255733500324491,0.011988868648446054,0.015443275695549654,0.41799771872253544,-0.30907200308222854,0.0008660271375744148,0.00845652412504299,0.36691552106568437,-0.3518267508347182,0.0116735921189218,-0.0003280218042329997,0.32591793801519425,-0.3830212413373393,0.013233489386266778,-0.0012852202881456273,0.294678833331336,-0.4049030217290224,0.2715456019999728,-0.42165998130098314,0.2541008339095482,-0.4376073937648735,0.23981510098059483,-0.4555778470678745,0.22663569648360804,-0.47611895418365224,0.21337456895909065,-0.49774808499834494,0.19981484554277468,-0.5180765212293704,0.18653410553567973,-0.5352718167372563,0.17452086388240023,-0.549209385916179,0.16471484654725468,-0.5618123384998762,0.1576151722524758,-0.576426117049031,0.1530700486163675,-0.5964779736008764,0.150297853132997,-0.6239683330486382,0.14811392104946752,-0.6584150609665055,0.14527469987460911,-0.6966968868028715,0.14082070903019903,-0.7338919532998109,0.1343098867986245,-0.7648225323460294,0.12587743760135098,-0.7857485929670746,0.11612000277800157,-0.7956028057935469,0.10585894416469614,-0.7963411497108355,0.09587099607923069,-0.7923190741418927,0.08667526822968519,-0.7889582362691462,0.07843642971138626,-0.7912060032438947,0.0709979037338653,-0.8023240404195091,0.06401377880198758,-0.823371929853365,0.05711952819807405,-0.8534561248634733,0.050077585248561506,-0.8905183496972969,0.04285261743080408,-0.9322587236033573,0.03560310890115834,-0.976791123912004,0.02860717531389701,-1.0227975971872407,0.02215993176374236,-1.0692025957254103,0.01648191166923031,-1.1146129258954496,0.011665188047191376,-1.156869725669637,0.007663848132526282,-1.1929962436698156,0.004317884759201021,-1.2196332373400447,0.001391371880736688,-1.2338213468266295,,,,,,,,
47,-2.005606760751136,0.7850383675320016,-0.004839426255962856,-1.0075850768495689,0.37706469747408705,11,-2.0088944195653555,01101101101,0.7655961675837761,-0.01841550813495094,0.04368979405208,0.1535560012946211,0.7285290443692429,-0.04245429483458679,-0.08129436756883777,0.09832964805751622,0.677242386055507,-0.0802458833450216,0.03587462834844521,0.07352568112458711,0.6162975304291826,-0.13084831415771575,-0.035430596844873374,0.03905530962809599,0.5508291624952171,-0.18951643277815114,0.03655997052739427,0.024146522667658297,0.4858896212222179,-0.24933098143419166,0.013578554324602156,0.015605208350254354,0.4258159709320527,-0.3034358796424677,-0.0005188792608350518,0.007758824655786112,0.3737213121181597,-0.34710351171624454,0.013371256846066368,-0.00025506150220909365,0.3311986162675186,-0.3789409624288234,0.014368933381159911,-0.0012744500624646416,0.2982912848699915,-0.4008838176648932,0.2737337271107322,-0.41707090033939515,0.2554080035652706,-0.4320873991843113,0.24091358067284738,-0.44926315911004533,0.2281208609421481,-0.46965100289751205,0.21558465824434558,-0.492018993284796,0.2027316208686153,-0.5137869438862147,0.18979640522852328,-0.5324764346596492,0.17754831895940043,-0.5470599771296685,0.16690387618126937,-0.5586532446951453,0.15854560268122242,-0.5702658519626451,0.15265665154638405,-0.5857024093727843,0.1488385972934692,-0.6080407155035881,0.1462201513085248,-0.6382810056045671,0.14370656167355564,-0.6746985707726363,0.14028099466627217,-0.7131689933669184,0.1352610966879066,-0.7483733524182636,0.12843672924976526,-0.7754675438611547,0.12005902682016577,-0.7916349493584147,0.1107005381766299,-0.7969922041715608,0.10104467691059842,-0.7945587032652554,0.09167838543831086,-0.7893365132979697,0.08295175869147361,-0.7868513598739367,0.07493834767065698,-0.7916673424172465,0.06749220057043133,-0.8063560442393443,0.060366111454961464,-0.831198083246395,0.053340257644531555,-0.8646082700177115,0.04631481518118327,-0.9040178685479847,0.03934022282344793,-0.9468145878824533,0.03258525305371635,-0.9909744625823056,0.02626538539216837,-1.0351937695865387,0.02056441448033824,-1.0785637063212656,0.015578500834297657,-1.1200263048587338,0.011297527728194012,-1.1579288426693757,0.007621009921880352,-1.189929698364295,0.004392698507114217,-1.2133356438105534,0.0014343961359929462,-1.2257475955594777,,,,,,
48,-2.005687881192677,0.7833014337207301,-0.004326006352025766,-1.0032116291394995,0.37595174882379107,11,-2.0088944195653555,01101101101,0.764539765538195,-0.01686805885324881,0.046056451100464135,0.1542079632476323,0.7287925064304785,-0.03989906194679309,-0.08744516604801586,0.09768150178138364,0.6793619627082891,-0.07685308559525422,0.03550652353252508,0.07383912876391965,0.6206182858267488,-0.12702425728536992,-0.03742561279881838,0.03876677401743932,0.557407946010137,-0.18589203679840455,0.03821923821756252,0.022738335261314382,0.4944253137728162,-0.24660684099048316,0.01443013194466763,0.015281482939369309,0.43564753732835404,-0.3021188961133063,-0.001678373375765695,0.007823362743485664,0.3839192236309208,-0.34723870211134833,0.016419482834613183,-0.0004753246708380297,0.3407446406053699,-0.37996838404954375,0.014445757655610946,-0.00012543795613701608,0.30630661041590057,-0.40171607274981574,0.2796902352007683,-0.416400253675758,0.25925393440797484,-0.4288275376367771,0.24306683964697892,-0.442955252171405,0.22932482725526734,-0.4606549691305231,0.2166683855135763,-0.48138064955402277,0.20435140916385522,-0.5027982332807079,0.1922449946402633,-0.522080328294871,0.18069656761982697,-0.5373368507985238,0.1702942468899105,-0.5486200869061593,0.16160294767340797,-0.5581166372418247,0.15493919775576,-0.5694506475720443,0.15023666553996004,-0.5863562858003837,0.14702827563168105,-0.6112113681360966,0.14454030224319125,-0.6439759520613634,0.1418665399519617,-0.6819346318949597,0.1381729959726531,-0.7203552676537888,0.13287929503199522,-0.7538549917820907,0.12577239467014997,-0.77802150824356,0.11702810993194701,-0.7907572859560218,0.10714071256661914,-0.7929192420139058,0.09678395870533159,-0.7880734296952029,0.08664257023396187,-0.7814812167144259,0.07725793408072447,-0.7786750414913884,0.06892507588662454,-0.7840874585047134,0.06166225270274237,-0.8001387679280283,0.05525438978423403,-0.8269979711648494,0.049352498931022656,-0.862986160863921,0.04359799726347643,-0.9053823313341618,0.03773653047738014,-0.9512906815335591,0.031691063468018955,-0.9982623401102715,0.025576746356943608,-1.0445074625192836,0.01965667886883819,-1.0887210590174174,0.01425368264137642,-1.1297009708902388,0.009644446738991003,-1.166000795428213,0.005966236512992677,-1.1958160627856111,0.003162056917481351,-1.2171754579596845,0.0009791331651992738,-1.228359192366787,,,,
49,-2.0057376214619653,0.7809527475127324,-0.004568927427774919,-0.9991265222024397,0.375425230136268,11,-2.0088944195653555,01101101101,0.7633221256583402,-0.01730893047815509,0.04566344439875668,0.15391186934008724,0.7295919043378771,-0.03980150855196994,-0.08766082055164151,0.09762206668905588,0.6826332199143852,-0.0753600587234417,0.035251664187649995,0.07333356410463186,0.6263018979675875,-0.1235466743628461,-0.03835419502138009,0.03869500936221808,0.5649679630425367,-0.18039140443288842,0.037829678092071904,0.023539170379268472,0.5029961212219544,-0.2396480703972005,0.014061719031130017,0.015144879045298465,0.4442507250732388,-0.294665462330107,-0.0015840310040705905,0.0068151131444635,0.3916953696202534,-0.3402716228781415,0.016478512677565168,-0.0010021313184869953,0.34714279248972907,-0.3740875455012267,0.014115830246924645,-0.00029135113099392537,0.3111867201907539,-0.39689418110129954,0.283317223000544,-0.41199960772608285,0.2621901151758984,-0.4238810909855558,0.24599481027593545,-0.43660012390808695,0.23284918176452502,-0.45253599015351154,0.2211479727605174,-0.4718449296709606,0.20980391916274246,-0.49278093164024667,0.1983455360210523,-0.5127074997014662,0.18686714840764806,-0.5293938094158687,0.1758581950945033,-0.5421026238736635,0.16596301720009277,-0.5520665266753942,0.1577338874294721,-0.562177738689409,0.15143662666840407,-0.5760020185898759,0.14695113764361603,-0.596468480046324,0.14378319973481743,-0.6247018180119078,0.14117562493284577,-0.6594144122310562,0.1382833953789645,-0.6970833841754848,0.13436421528631595,-0.7328710118124594,0.12893567901550218,-0.7619986441075993,0.12186221960357169,-0.7811381057914695,0.11335533243721281,-0.789386777968672,0.10389353860474883,-0.7885372491502634,0.09408813439989337,-0.7825856638441263,0.08453223095974711,-0.7766629406654545,0.07567162175374366,-0.7757397096707427,0.0677271853861436,-0.7834979996309221,0.06068289099973466,-0.8016745167326357,0.05433557850216777,-0.830000832448926,0.04838728763323341,-0.8666627984088862,0.0425517163179943,-0.909046263858978,0.0366452082976861,-0.9544779649219047,0.03063912769977664,-1.0007204583228857,0.024662315753983078,-1.046109690588156,0.018956143433539716,-1.0893779843924292,0.013796879825301702,-1.1293239269230377,0.009407791140166624,-1.164531805236904,0.005884991889547166,-1.1932974866101993,0.003156579620048318,-1.21381004959204,0.0009854241453508346,-1.2245170405204384,,
50,-2.006196785368952,0.7862040597426662,-0.0033131469444416927,-0.9986482421674315,0.3738474486216778,11,-2.0088944195653555,01101101101,0.7688994616396505,-0.013509402539222648,0.0450362694951544,0.1565268533263513,0.7357485298120133,-0.033426774214282515,-0.08649308953750187,0.09887619147378367,0.6894923739276855,-0.06654035378238084,0.03573559027006404,0.07489020547512541,0.6338270487392351,-0.11274308780896584,-0.038144425599180416,0.03879801093052602,0.5729664907282616,-0.16847176561460125,0.04263798169592667,0.02360692533264377,0.5111549023574659,-0.2278014130624369,0.013296622886284302,0.015440442094588237,0.45219506253461866,-0.28415471611841264,-0.002378201123480466,0.007936583052523784,0.3990576982169105,-0.33209852085879327,0.01895424137168652,-0.001108396858208046,0.3536257680445244,-0.3686925522546234,0.013662600050962592,-0.0004120692187965068,0.3166071079394672,-0.3940146382426381,0.2876220133988594,-0.41075745659783336,0.26544329456428983,-0.4230852539719582,0.24834046581933816,-0.435161095333244,0.23446229305943475,-0.4498372826733598,0.222186876167061,-0.46792191451304205,0.21037733174766854,-0.48822435486848986,0.19850247774442326,-0.5083143531785234,0.18661132027938804,-0.5256931822184285,0.17518120365945444,-0.5389470300021539,0.164885267339208,-0.5484719669668733,0.1563395724120235,-0.5565156732707695,0.1498907417668771,-0.5665186294351662,0.14549146363086013,-0.5819761292361736,0.14268737556009212,-0.6052034907483811,0.14071075294018062,-0.6364190139730368,0.1386510218112143,-0.6734549592477059,0.13565544245492034,-0.7122033197733303,0.13110899547099325,-0.7476689116527108,0.12475092283277911,-0.7753136268780497,0.11670369954347834,-0.7922915485030942,0.10741327269156106,-0.7982180155457773,0.0975211557010215,-0.7952676306219087,0.08770407619135878,-0.7876035991435409,0.07852205405627428,-0.780335508841615,0.07031048115830542,-0.7783243973762155,0.06313811502630913,-0.7851695513878543,0.05683494418770763,-0.8026241956181839,0.05107642907311195,-0.8305334019911929,0.04549792949582767,-0.8672223583722891,0.0398079007838825,-0.9101408964846334,0.03387129963968721,-0.956526134685734,0.027744187507010173,-1.0038849162718004,0.021653881521752464,-1.0501978972946275,0.015932684823529594,-1.0938654757574382,0.01092400171836251,-1.1335078142322828,0.006885263651516979,-1.167766417937346,0.003911687243933292,-1.1952264650977487,0.001898988568439117,-1.2145053510760548,0.0005534534521299422,-1.224467829738576
