alpha,gamma,c,mean_energy
0.1,0.1,0.01,-2.641277911617799
0.1,0.1,0.017777777777777778,-2.698976081573325
0.1,0.1,0.025555555555555557,-2.602923962682648
0.1,0.1,0.03333333333333333,-2.5328899058970658
0.1,0.1,0.04111111111111111,-2.2553788844933513
0.1,0.1,0.04888888888888889,-2.1596519421980993
0.1,0.1,0.05666666666666667,-2.1385491706261157
0.1,0.1,0.06444444444444444,-2.34923093070807
0.1,0.1,0.07222222222222223,-2.6029907086229107
0.1,0.1,0.08,-2.8012002264517895
0.1,0.17777777777777778,0.01,-2.638218566394585
0.1,0.17777777777777778,0.017777777777777778,-2.6754559585140356
0.1,0.17777777777777778,0.025555555555555557,-2.526091732806405
0.1,0.17777777777777778,0.03333333333333333,-2.320181769252319
0.1,0.17777777777777778,0.04111111111111111,-2.055569327363753
0.1,0.17777777777777778,0.04888888888888889,-2.348527977697473
0.1,0.17777777777777778,0.05666666666666667,-2.1051151251507525
0.1,0.17777777777777778,0.06444444444444444,-2.6555121168051667
0.1,0.17777777777777778,0.07222222222222223,-2.4154489890949007
0.1,0.17777777777777778,0.08,-2.543675195331989
0.1,0.25555555555555554,0.01,-2.4246030062604427
0.1,0.25555555555555554,0.017777777777777778,-2.565665621665702
0.1,0.25555555555555554,0.025555555555555557,-2.6263061840203363
0.1,0.25555555555555554,0.03333333333333333,-2.0997480780909017
0.1,0.25555555555555554,0.04111111111111111,-2.0088771796681035
0.1,0.25555555555555554,0.04888888888888889,-2.331112720134095
0.1,0.25555555555555554,0.05666666666666667,-2.295405897682545
0.1,0.25555555555555554,0.06444444444444444,-2.5487273846065346
0.1,0.25555555555555554,0.07222222222222223,-2.5331205667872103
0.1,0.25555555555555554,0.08,-2.298856988486346
0.1,0.33333333333333337,0.01,-2.55183428851781
0.1,0.33333333333333337,0.017777777777777778,-2.4513499462698354
0.1,0.33333333333333337,0.025555555555555557,-2.633299059775685
0.1,0.33333333333333337,0.03333333333333333,-2.6701103640630257
0.1,0.33333333333333337,0.04111111111111111,-2.4743508825995444
0.1,0.33333333333333337,0.04888888888888889,-2.215051888803406
0.1,0.33333333333333337,0.05666666666666667,-2.533650215349968
0.1,0.33333333333333337,0.06444444444444444,-2.2729264161227833
0.1,0.33333333333333337,0.07222222222222223,-2.5684642470038512
0.1,0.33333333333333337,0.08,-2.4423960645941007
0.1,0.4111111111111111,0.01,-2.0244187988827975
0.1,0.4111111111111111,0.017777777777777778,-2.6810912551514874
0.1,0.4111111111111111,0.025555555555555557,-2.228899607533134
0.1,0.4111111111111111,0.03333333333333333,-2.0535279275472758
0.1,0.4111111111111111,0.04111111111111111,-2.699752032512718
0.1,0.4111111111111111,0.04888888888888889,-2.469467566670816
0.1,0.4111111111111111,0.05666666666666667,-1.8987745511143685
0.1,0.4111111111111111,0.06444444444444444,-2.726839701926644
0.1,0.4111111111111111,0.07222222222222223,-2.5023355931742977
0.1,0.4111111111111111,0.08,-2.800475415718327
0.1,0.48888888888888893,0.01,-2.361319614015629
0.1,0.48888888888888893,0.017777777777777778,-2.5901245878861543
0.1,0.48888888888888893,0.025555555555555557,-2.143249952162698
0.1,0.48888888888888893,0.03333333333333333,-2.6519100643132143
0.1,0.48888888888888893,0.04111111111111111,-2.771154108940537
0.1,0.48888888888888893,0.04888888888888889,-2.4277573868255127
0.1,0.48888888888888893,0.05666666666666667,-2.4139601115955545
0.1,0.48888888888888893,0.06444444444444444,-1.9635620894533534
0.1,0.48888888888888893,0.07222222222222223,-2.5637233518371323
0.1,0.48888888888888893,0.08,-1.6880601794570467
0.1,0.5666666666666667,0.01,-2.1301264520607983
0.1,0.5666666666666667,0.017777777777777778,-2.4949176470176573
0.1,0.5666666666666667,0.025555555555555557,-2.521198043179927
0.1,0.5666666666666667,0.03333333333333333,-2.323817853732689
0.1,0.5666666666666667,0.04111111111111111,-2.5661686997713247
0.1,0.5666666666666667,0.04888888888888889,-2.9443424090719814
0.1,0.5666666666666667,0.05666666666666667,-2.2916873836050846
0.1,0.5666666666666667,0.06444444444444444,-2.3869180497112614
0.1,0.5666666666666667,0.07222222222222223,-2.3490384035807335
0.1,0.5666666666666667,0.08,-2.608910642448014
0.1,0.6444444444444445,0.01,-2.5528014944088406
0.1,0.6444444444444445,0.017777777777777778,-2.4299035379807323
0.1,0.6444444444444445,0.025555555555555557,-2.4248382475491868
0.1,0.6444444444444445,0.03333333333333333,-2.8757379535185104
0.1,0.6444444444444445,0.04111111111111111,-2.3124945720801136
0.1,0.6444444444444445,0.04888888888888889,-2.387854698188882
0.1,0.6444444444444445,0.05666666666666667,-2.2075571602793898
0.1,0.6444444444444445,0.06444444444444444,-2.7434466316325414
0.1,0.6444444444444445,0.07222222222222223,-2.5998663675260727
0.1,0.6444444444444445,0.08,-2.4706382274011167
0.1,0.7222222222222222,0.01,-2.4426470738135246
0.1,0.7222222222222222,0.017777777777777778,-1.9481893993634258
0.1,0.7222222222222222,0.025555555555555557,-2.5129105868300443
0.1,0.7222222222222222,0.03333333333333333,-2.5659387877023603
0.1,0.7222222222222222,0.04111111111111111,-2.469100370912205
0.1,0.7222222222222222,0.04888888888888889,-2.667401398990944
0.1,0.7222222222222222,0.05666666666666667,-2.409446031860301
0.1,0.7222222222222222,0.06444444444444444,-2.2827492243991743
0.1,0.7222222222222222,0.07222222222222223,-2.32054057107272
0.1,0.7222222222222222,0.08,-2.510078497385498
0.1,0.8,0.01,-2.593679164159075
0.1,0.8,0.017777777777777778,-2.5746132083651387
0.1,0.8,0.025555555555555557,-1.968610656724109
0.1,0.8,0.03333333333333333,-2.866728648973493
0.1,0.8,0.04111111111111111,-2.7142659725925156
0.1,0.8,0.04888888888888889,-2.6279938373335114
0.1,0.8,0.05666666666666667,-2.6735342701613694
0.1,0.8,0.06444444444444444,-2.622267989866934
0.1,0.8,0.07222222222222223,-2.8464126338089453
0.1,0.8,0.08,-2.5040484492084536
0.17777777777777778,0.1,0.01,-2.705464025744144
0.17777777777777778,0.1,0.017777777777777778,-2.2667140936075443
0.17777777777777778,0.1,0.025555555555555557,-2.412223057095065
0.17777777777777778,0.1,0.03333333333333333,-2.3477050748394084
0.17777777777777778,0.1,0.04111111111111111,-2.244424276581994
0.17777777777777778,0.1,0.04888888888888889,-2.5100811386913784
0.17777777777777778,0.1,0.05666666666666667,-2.3776246052736174
0.17777777777777778,0.1,0.06444444444444444,-2.052394305713997
0.17777777777777778,0.1,0.07222222222222223,-2.505284872256269
0.17777777777777778,0.1,0.08,-2.6107135295876844
0.17777777777777778,0.17777777777777778,0.01,-2.4682203660736355
0.17777777777777778,0.17777777777777778,0.017777777777777778,-2.4225044429471594
0.17777777777777778,0.17777777777777778,0.025555555555555557,-2.090538554302131
0.17777777777777778,0.17777777777777778,0.03333333333333333,-2.154443018972723
0.17777777777777778,0.17777777777777778,0.04111111111111111,-2.420933150021218
0.17777777777777778,0.17777777777777778,0.04888888888888889,-2.0690113084962554
0.17777777777777778,0.17777777777777778,0.05666666666666667,-2.3903234960298034
0.17777777777777778,0.17777777777777778,0.06444444444444444,-2.6054048983325933
0.17777777777777778,0.17777777777777778,0.07222222222222223,-2.2906616301520994
0.17777777777777778,0.17777777777777778,0.08,-2.3421600264641635
0.17777777777777778,0.25555555555555554,0.01,-2.0784945263205254
0.17777777777777778,0.25555555555555554,0.017777777777777778,-2.661198424865711
0.17777777777777778,0.25555555555555554,0.025555555555555557,-2.0810774236421925
0.17777777777777778,0.25555555555555554,0.03333333333333333,-2.4113391629217436
0.17777777777777778,0.25555555555555554,0.04111111111111111,-2.806982517711375
0.17777777777777778,0.25555555555555554,0.04888888888888889,-2.5267530288446176
0.17777777777777778,0.25555555555555554,0.05666666666666667,-2.289268845356191
0.17777777777777778,0.25555555555555554,0.06444444444444444,-2.1398685454104136
0.17777777777777778,0.25555555555555554,0.07222222222222223,-1.7059584881579795
0.17777777777777778,0.25555555555555554,0.08,-2.605383605575734
0.17777777777777778,0.33333333333333337,0.01,-2.269073815053558
0.17777777777777778,0.33333333333333337,0.017777777777777778,-2.60543305934916
0.17777777777777778,0.33333333333333337,0.025555555555555557,-2.430691435362914
0.17777777777777778,0.33333333333333337,0.03333333333333333,-2.7255746536166945
0.17777777777777778,0.33333333333333337,0.04111111111111111,-2.530684327655779
0.17777777777777778,0.33333333333333337,0.04888888888888889,-2.786361732024591
0.17777777777777778,0.33333333333333337,0.05666666666666667,-2.2230288042250397
0.17777777777777778,0.33333333333333337,0.06444444444444444,-2.435500921632971
0.17777777777777778,0.33333333333333337,0.07222222222222223,-2.3766992640367213
0.17777777777777778,0.33333333333333337,0.08,-1.7315508158898942
0.17777777777777778,0.4111111111111111,0.01,-2.4877198855228357
0.17777777777777778,0.4111111111111111,0.017777777777777778,-2.3459095653171964
0.17777777777777778,0.4111111111111111,0.025555555555555557,-2.2646665938719934
0.17777777777777778,0.4111111111111111,0.03333333333333333,-2.5590926949404214
0.17777777777777778,0.4111111111111111,0.04111111111111111,-2.3150817660104486
0.17777777777777778,0.4111111111111111,0.04888888888888889,-2.6769540067447304
0.17777777777777778,0.4111111111111111,0.05666666666666667,-2.708966801474149
0.17777777777777778,0.4111111111111111,0.06444444444444444,-2.1499232737340694
0.17777777777777778,0.4111111111111111,0.07222222222222223,-2.583894215234907
0.17777777777777778,0.4111111111111111,0.08,-2.7042051642121074
0.17777777777777778,0.48888888888888893,0.01,-2.1842282004383717
0.17777777777777778,0.48888888888888893,0.017777777777777778,-2.380062842059428
0.17777777777777778,0.48888888888888893,0.025555555555555557,-2.1861913942143025
0.17777777777777778,0.48888888888888893,0.03333333333333333,-2.6841729826757397
0.17777777777777778,0.48888888888888893,0.04111111111111111,-2.3307584023497503
0.17777777777777778,0.48888888888888893,0.04888888888888889,-1.784331355447581
0.17777777777777778,0.48888888888888893,0.05666666666666667,-2.655560158072345
0.17777777777777778,0.48888888888888893,0.06444444444444444,-2.7675623581895032
0.17777777777777778,0.48888888888888893,0.07222222222222223,-2.144681065548162
0.17777777777777778,0.48888888888888893,0.08,-2.390266309535624
0.17777777777777778,0.5666666666666667,0.01,-2.600613876029158
0.17777777777777778,0.5666666666666667,0.017777777777777778,-2.474177352433545
0.17777777777777778,0.5666666666666667,0.025555555555555557,-2.3212793350553493
0.17777777777777778,0.5666666666666667,0.03333333333333333,-2.510294495320953
0.17777777777777778,0.5666666666666667,0.04111111111111111,-2.78313464080799
0.17777777777777778,0.5666666666666667,0.04888888888888889,-2.5826245014796085
0.17777777777777778,0.5666666666666667,0.05666666666666667,-2.04945561791414
0.17777777777777778,0.5666666666666667,0.06444444444444444,-2.530577920929889
0.17777777777777778,0.5666666666666667,0.07222222222222223,-2.75376183693741
0.17777777777777778,0.5666666666666667,0.08,-1.9294125748753264
0.17777777777777778,0.6444444444444445,0.01,-2.703991313660236
0.17777777777777778,0.6444444444444445,0.017777777777777778,-2.2877911812334775
0.17777777777777778,0.6444444444444445,0.025555555555555557,-2.4275008786064123
0.17777777777777778,0.6444444444444445,0.03333333333333333,-2.7131795900002897
0.17777777777777778,0.6444444444444445,0.04111111111111111,-2.837206585911486
0.17777777777777778,0.6444444444444445,0.04888888888888889,-2.140623098490803
0.17777777777777778,0.6444444444444445,0.05666666666666667,-2.5170189362793742
0.17777777777777778,0.6444444444444445,0.06444444444444444,-2.331238228520267
0.17777777777777778,0.6444444444444445,0.07222222222222223,-2.209828845820721
0.17777777777777778,0.6444444444444445,0.08,-2.4736666700141225
0.17777777777777778,0.7222222222222222,0.01,-2.626560647774849
0.17777777777777778,0.7222222222222222,0.017777777777777778,-2.440604256112698
0.17777777777777778,0.7222222222222222,0.025555555555555557,-2.320267792968514
0.17777777777777778,0.7222222222222222,0.03333333333333333,-2.4250533625009973
0.17777777777777778,0.7222222222222222,0.04111111111111111,-2.232168231310439
0.17777777777777778,0.7222222222222222,0.04888888888888889,-2.185363407643103
0.17777777777777778,0.7222222222222222,0.05666666666666667,-2.300847367532137
0.17777777777777778,0.7222222222222222,0.06444444444444444,-2.3951509865824456
0.17777777777777778,0.7222222222222222,0.07222222222222223,-2.5888526337889504
0.17777777777777778,0.7222222222222222,0.08,-2.657943124757646
0.17777777777777778,0.8,0.01,-2.4711809402740497
0.17777777777777778,0.8,0.017777777777777778,-2.2376149608130254
0.17777777777777778,0.8,0.025555555555555557,-2.5228007283312293
0.17777777777777778,0.8,0.03333333333333333,-2.610272168036394
0.17777777777777778,0.8,0.04111111111111111,-2.454654061996293
0.17777777777777778,0.8,0.04888888888888889,-2.322647315966201
0.17777777777777778,0.8,0.05666666666666667,-2.2628408119145753
0.17777777777777778,0.8,0.06444444444444444,-2.540055927230944
0.17777777777777778,0.8,0.07222222222222223,-2.1927527951337242
0.17777777777777778,0.8,0.08,-2.290736330227454
0.25555555555555554,0.1,0.01,-2.826850882972141
0.25555555555555554,0.1,0.017777777777777778,-2.227458475292815
0.25555555555555554,0.1,0.025555555555555557,-2.140747880097472
0.25555555555555554,0.1,0.03333333333333333,-2.406082559870511
0.25555555555555554,0.1,0.04111111111111111,-2.342541791512349
0.25555555555555554,0.1,0.04888888888888889,-2.564324416432451
0.25555555555555554,0.1,0.05666666666666667,-2.5015665024844123
0.25555555555555554,0.1,0.06444444444444444,-2.277805865903569
0.25555555555555554,0.1,0.07222222222222223,-2.537212413708923
0.25555555555555554,0.1,0.08,-2.5109858177246154
0.25555555555555554,0.17777777777777778,0.01,-2.2923216241156363
0.25555555555555554,0.17777777777777778,0.017777777777777778,-2.3977734700557902
0.25555555555555554,0.17777777777777778,0.025555555555555557,-2.740454655619979
0.25555555555555554,0.17777777777777778,0.03333333333333333,-2.3852517675335796
0.25555555555555554,0.17777777777777778,0.04111111111111111,-2.3862163159352683
0.25555555555555554,0.17777777777777778,0.04888888888888889,-2.549159408802075
0.25555555555555554,0.17777777777777778,0.05666666666666667,-2.102000760990655
0.25555555555555554,0.17777777777777778,0.06444444444444444,-2.438108449417094
0.25555555555555554,0.17777777777777778,0.07222222222222223,-2.2802220615904827
0.25555555555555554,0.17777777777777778,0.08,-2.1261335461846294
0.25555555555555554,0.25555555555555554,0.01,-2.268740816385251
0.25555555555555554,0.25555555555555554,0.017777777777777778,-2.416869481634783
0.25555555555555554,0.25555555555555554,0.025555555555555557,-2.6517204809238524
0.25555555555555554,0.25555555555555554,0.03333333333333333,-2.54882189927597
0.25555555555555554,0.25555555555555554,0.04111111111111111,-2.2207545974230514
0.25555555555555554,0.25555555555555554,0.04888888888888889,-2.3911195910259075
0.25555555555555554,0.25555555555555554,0.05666666666666667,-2.5341861840743554
0.25555555555555554,0.25555555555555554,0.06444444444444444,-2.75207097901161
0.25555555555555554,0.25555555555555554,0.07222222222222223,-2.320442971249823
0.25555555555555554,0.25555555555555554,0.08,-2.604968511084438
0.25555555555555554,0.33333333333333337,0.01,-2.504860763593732
0.25555555555555554,0.33333333333333337,0.017777777777777778,-1.788753120473968
0.25555555555555554,0.33333333333333337,0.025555555555555557,-2.8248521375234596
0.25555555555555554,0.33333333333333337,0.03333333333333333,-2.799158811526983
0.25555555555555554,0.33333333333333337,0.04111111111111111,-2.275185845667436
0.25555555555555554,0.33333333333333337,0.04888888888888889,-2.2181695937454813
0.25555555555555554,0.33333333333333337,0.05666666666666667,-2.6630328166405968
0.25555555555555554,0.33333333333333337,0.06444444444444444,-2.3140242373915614
0.25555555555555554,0.33333333333333337,0.07222222222222223,-2.4679987803840655
0.25555555555555554,0.33333333333333337,0.08,-2.5755521383999964
0.25555555555555554,0.4111111111111111,0.01,-2.515796853627937
0.25555555555555554,0.4111111111111111,0.017777777777777778,-2.2809742219112374
0.25555555555555554,0.4111111111111111,0.025555555555555557,-2.510474348339809
0.25555555555555554,0.4111111111111111,0.03333333333333333,-2.1343764151896605
0.25555555555555554,0.4111111111111111,0.04111111111111111,-2.504984248788179
0.25555555555555554,0.4111111111111111,0.04888888888888889,-2.2370115455608297
0.25555555555555554,0.4111111111111111,0.05666666666666667,-2.216539394208443
0.25555555555555554,0.4111111111111111,0.06444444444444444,-2.4532604047272466
0.25555555555555554,0.4111111111111111,0.07222222222222223,-2.233350508272144
0.25555555555555554,0.4111111111111111,0.08,-2.54634840828309
0.25555555555555554,0.48888888888888893,0.01,-2.5267485192608996
0.25555555555555554,0.48888888888888893,0.017777777777777778,-2.1095386541362258
0.25555555555555554,0.48888888888888893,0.025555555555555557,-2.143869008627268
0.25555555555555554,0.48888888888888893,0.03333333333333333,-2.3147643019122066
0.25555555555555554,0.48888888888888893,0.04111111111111111,-2.6591640069347813
0.25555555555555554,0.48888888888888893,0.04888888888888889,-2.3448125574187118
0.25555555555555554,0.48888888888888893,0.05666666666666667,-2.420035529365449
0.25555555555555554,0.48888888888888893,0.06444444444444444,-2.4868903568363914
0.25555555555555554,0.48888888888888893,0.07222222222222223,-2.2307295358317907
0.25555555555555554,0.48888888888888893,0.08,-2.41639402721432
0.25555555555555554,0.5666666666666667,0.01,-1.9817996456612434
0.25555555555555554,0.5666666666666667,0.017777777777777778,-2.4240608680561824
0.25555555555555554,0.5666666666666667,0.025555555555555557,-2.432110243731342
0.25555555555555554,0.5666666666666667,0.03333333333333333,-2.587644749869003
0.25555555555555554,0.5666666666666667,0.04111111111111111,-2.389558355630926
0.25555555555555554,0.5666666666666667,0.04888888888888889,-2.2576388700280687
0.25555555555555554,0.5666666666666667,0.05666666666666667,-2.3763596164196996
0.25555555555555554,0.5666666666666667,0.06444444444444444,-2.3620542090982206
0.25555555555555554,0.5666666666666667,0.07222222222222223,-2.5462313056296635
0.25555555555555554,0.5666666666666667,0.08,-2.4370218356623607
0.25555555555555554,0.6444444444444445,0.01,-2.55901133161868
0.25555555555555554,0.6444444444444445,0.017777777777777778,-2.593753715951094
0.25555555555555554,0.6444444444444445,0.025555555555555557,-2.0595640673053106
0.25555555555555554,0.6444444444444445,0.03333333333333333,-2.596643841554073
0.25555555555555554,0.6444444444444445,0.04111111111111111,-2.6524014192759364
0.25555555555555554,0.6444444444444445,0.04888888888888889,-2.673159271960624
0.25555555555555554,0.6444444444444445,0.05666666666666667,-2.299170144726616
0.25555555555555554,0.6444444444444445,0.06444444444444444,-1.9352553817505729
0.25555555555555554,0.6444444444444445,0.07222222222222223,-2.154169899178611
0.25555555555555554,0.6444444444444445,0.08,-2.3551677029727673
0.25555555555555554,0.7222222222222222,0.01,-2.3980991260555227
0.25555555555555554,0.7222222222222222,0.017777777777777778,-2.621595571154901
0.25555555555555554,0.7222222222222222,0.025555555555555557,-2.3378993966041266
0.25555555555555554,0.7222222222222222,0.03333333333333333,-2.55717105655183
0.25555555555555554,0.7222222222222222,0.04111111111111111,-2.3432302157635685
0.25555555555555554,0.7222222222222222,0.04888888888888889,-2.37477165507379
0.25555555555555554,0.7222222222222222,0.05666666666666667,-2.865442921218911
0.25555555555555554,0.7222222222222222,0.06444444444444444,-2.26838792630999
0.25555555555555554,0.7222222222222222,0.07222222222222223,-2.245423813618385
0.25555555555555554,0.7222222222222222,0.08,-2.316379393435612
0.25555555555555554,0.8,0.01,-2.5978004656598275
0.25555555555555554,0.8,0.017777777777777778,-2.424084147100804
0.25555555555555554,0.8,0.025555555555555557,-2.640090059790399
0.25555555555555554,0.8,0.03333333333333333,-2.6921192406512304
0.25555555555555554,0.8,0.04111111111111111,-2.454670971192438
0.25555555555555554,0.8,0.04888888888888889,-1.7695147833130835
0.25555555555555554,0.8,0.05666666666666667,-2.6217167823486527
0.25555555555555554,0.8,0.06444444444444444,-2.6405435807104096
0.25555555555555554,0.8,0.07222222222222223,-2.6076691104631005
0.25555555555555554,0.8,0.08,-2.7411092136149646
0.33333333333333337,0.1,0.01,-2.628290485391628
0.33333333333333337,0.1,0.017777777777777778,-2.2406097014628377
0.33333333333333337,0.1,0.025555555555555557,-2.4434196694722012
0.33333333333333337,0.1,0.03333333333333333,-2.1240578419325544
0.33333333333333337,0.1,0.04111111111111111,-2.402223761737475
0.33333333333333337,0.1,0.04888888888888889,-2.655089411177456
0.33333333333333337,0.1,0.05666666666666667,-2.3790737112237523
0.33333333333333337,0.1,0.06444444444444444,-2.850392053677008
0.33333333333333337,0.1,0.07222222222222223,-2.4250724843149096
0.33333333333333337,0.1,0.08,-2.6148822148974182
0.33333333333333337,0.17777777777777778,0.01,-2.4795154662797128
0.33333333333333337,0.17777777777777778,0.017777777777777778,-2.549888432648175
0.33333333333333337,0.17777777777777778,0.025555555555555557,-2.35443709399273
0.33333333333333337,0.17777777777777778,0.03333333333333333,-2.209294209207285
0.33333333333333337,0.17777777777777778,0.04111111111111111,-2.32690669333776
0.33333333333333337,0.17777777777777778,0.04888888888888889,-2.500412129392826
0.33333333333333337,0.17777777777777778,0.05666666666666667,-2.3635677952024485
0.33333333333333337,0.17777777777777778,0.06444444444444444,-2.327745726357635
0.33333333333333337,0.17777777777777778,0.07222222222222223,-2.5404757360637586
0.33333333333333337,0.17777777777777778,0.08,-2.2664812313316967
0.33333333333333337,0.25555555555555554,0.01,-2.249291378170306
0.33333333333333337,0.25555555555555554,0.017777777777777778,-2.2260367620399832
0.33333333333333337,0.25555555555555554,0.025555555555555557,-2.3780147491707906
0.33333333333333337,0.25555555555555554,0.03333333333333333,-2.2823076160588296
0.33333333333333337,0.25555555555555554,0.04111111111111111,-2.3209559138954456
0.33333333333333337,0.25555555555555554,0.04888888888888889,-2.477567356368977
0.33333333333333337,0.25555555555555554,0.05666666666666667,-2.364386808628644
0.33333333333333337,0.25555555555555554,0.06444444444444444,-2.182596135907255
0.33333333333333337,0.25555555555555554,0.07222222222222223,-2.1210365799219995
0.33333333333333337,0.25555555555555554,0.08,-2.613170163678436
0.33333333333333337,0.33333333333333337,0.01,-2.1774517055116105
0.33333333333333337,0.33333333333333337,0.017777777777777778,-2.4428911505766875
0.33333333333333337,0.33333333333333337,0.025555555555555557,-2.597458418748995
0.33333333333333337,0.33333333333333337,0.03333333333333333,-2.3761862701852063
0.33333333333333337,0.33333333333333337,0.04111111111111111,-2.1664746869024016
0.33333333333333337,0.33333333333333337,0.04888888888888889,-1.862599611468515
0.33333333333333337,0.33333333333333337,0.05666666666666667,-2.497918608766324
0.33333333333333337,0.33333333333333337,0.06444444444444444,-2.609354441463092
0.33333333333333337,0.33333333333333337,0.07222222222222223,-2.4095035357934056
0.33333333333333337,0.33333333333333337,0.08,-1.9900658260994177
0.33333333333333337,0.4111111111111111,0.01,-2.456627635086688
0.33333333333333337,0.4111111111111111,0.017777777777777778,-2.6309437148524135
0.33333333333333337,0.4111111111111111,0.025555555555555557,-2.5725639907119673
0.33333333333333337,0.4111111111111111,0.03333333333333333,-2.5858255561321943
0.33333333333333337,0.4111111111111111,0.04111111111111111,-2.650861933031448
0.33333333333333337,0.4111111111111111,0.04888888888888889,-2.40349648833019
0.33333333333333337,0.4111111111111111,0.05666666666666667,-2.175669249377502
0.33333333333333337,0.4111111111111111,0.06444444444444444,-2.2564482658708456
0.33333333333333337,0.4111111111111111,0.07222222222222223,-2.0757615728297507
0.33333333333333337,0.4111111111111111,0.08,-2.768188667254311
0.33333333333333337,0.48888888888888893,0.01,-2.528472160190255
0.33333333333333337,0.48888888888888893,0.017777777777777778,-2.5155317042733736
0.33333333333333337,0.48888888888888893,0.025555555555555557,-2.6034947169354075
0.33333333333333337,0.48888888888888893,0.03333333333333333,-2.4791913606922735
0.33333333333333337,0.48888888888888893,0.04111111111111111,-2.7733769407140865
0.33333333333333337,0.48888888888888893,0.04888888888888889,-2.1974714435969602
0.33333333333333337,0.48888888888888893,0.05666666666666667,-2.6486695817442283
0.33333333333333337,0.48888888888888893,0.06444444444444444,-2.476068650588059
0.33333333333333337,0.48888888888888893,0.07222222222222223,-2.3035210810150684
0.33333333333333337,0.48888888888888893,0.08,-2.241450771871471
0.33333333333333337,0.5666666666666667,0.01,-2.429114112156102
0.33333333333333337,0.5666666666666667,0.017777777777777778,-2.439372735100751
0.33333333333333337,0.5666666666666667,0.025555555555555557,-2.665307905502643
0.33333333333333337,0.5666666666666667,0.03333333333333333,-2.5790223607629144
0.33333333333333337,0.5666666666666667,0.04111111111111111,-2.5949051916982735
0.33333333333333337,0.5666666666666667,0.04888888888888889,-2.8430896771976935
0.33333333333333337,0.5666666666666667,0.05666666666666667,-2.3471918456847845
0.33333333333333337,0.5666666666666667,0.06444444444444444,-2.6910466986874026
0.33333333333333337,0.5666666666666667,0.07222222222222223,-2.2587809454509697
0.33333333333333337,0.5666666666666667,0.08,-2.5805207164862702
0.33333333333333337,0.6444444444444445,0.01,-2.07512253006498
0.33333333333333337,0.6444444444444445,0.017777777777777778,-2.6923282660647354
0.33333333333333337,0.6444444444444445,0.025555555555555557,-2.4324481681011116
0.33333333333333337,0.6444444444444445,0.03333333333333333,-2.516451233736502
0.33333333333333337,0.6444444444444445,0.04111111111111111,-2.629080099894387
0.33333333333333337,0.6444444444444445,0.04888888888888889,-2.3214089818818393
0.33333333333333337,0.6444444444444445,0.05666666666666667,-2.450427595936229
0.33333333333333337,0.6444444444444445,0.06444444444444444,-2.465434307846525
0.33333333333333337,0.6444444444444445,0.07222222222222223,-2.6667802571332286
0.33333333333333337,0.6444444444444445,0.08,-2.360796731123728
0.33333333333333337,0.7222222222222222,0.01,-2.4853137537813135
0.33333333333333337,0.7222222222222222,0.017777777777777778,-2.131792494963219
0.33333333333333337,0.7222222222222222,0.025555555555555557,-2.115720677995646
0.33333333333333337,0.7222222222222222,0.03333333333333333,-2.2559204091285965
0.33333333333333337,0.7222222222222222,0.04111111111111111,-2.22675787956043
0.33333333333333337,0.7222222222222222,0.04888888888888889,-2.663086169544594
0.33333333333333337,0.7222222222222222,0.05666666666666667,-2.338267468082684
0.33333333333333337,0.7222222222222222,0.06444444444444444,-2.104641098498443
0.33333333333333337,0.7222222222222222,0.07222222222222223,-2.8548413015321943
0.33333333333333337,0.7222222222222222,0.08,-2.339489536384861
0.33333333333333337,0.8,0.01,-2.4925786755653605
0.33333333333333337,0.8,0.017777777777777778,-2.7284817992523545
0.33333333333333337,0.8,0.025555555555555557,-2.5819338145729844
0.33333333333333337,0.8,0.03333333333333333,-2.3134702978593635
0.33333333333333337,0.8,0.04111111111111111,-2.5195627619060037
0.33333333333333337,0.8,0.04888888888888889,-2.261049756314805
0.33333333333333337,0.8,0.05666666666666667,-2.4122896605942854
0.33333333333333337,0.8,0.06444444444444444,-2.2008720994649074
0.33333333333333337,0.8,0.07222222222222223,-2.5704758545772766
0.33333333333333337,0.8,0.08,-2.52844722597958
0.4111111111111111,0.1,0.01,-2.163773608777483
0.4111111111111111,0.1,0.017777777777777778,-2.15250098005592
0.4111111111111111,0.1,0.025555555555555557,-2.687012856900821
0.4111111111111111,0.1,0.03333333333333333,-2.2924272873575626
0.4111111111111111,0.1,0.04111111111111111,-2.3321777696424615
0.4111111111111111,0.1,0.04888888888888889,-2.245193603613198
0.4111111111111111,0.1,0.05666666666666667,-2.559767115722427
0.4111111111111111,0.1,0.06444444444444444,-2.82132826220616
0.4111111111111111,0.1,0.07222222222222223,-2.7401801088620963
0.4111111111111111,0.1,0.08,-2.5012527560637325
0.4111111111111111,0.17777777777777778,0.01,-2.4313832766359105
0.4111111111111111,0.17777777777777778,0.017777777777777778,-2.504279255639928
0.4111111111111111,0.17777777777777778,0.025555555555555557,-2.630880041794194
0.4111111111111111,0.17777777777777778,0.03333333333333333,-2.2624475396818653
0.4111111111111111,0.17777777777777778,0.04111111111111111,-2.49622364781498
0.4111111111111111,0.17777777777777778,0.04888888888888889,-2.333575056627005
0.4111111111111111,0.17777777777777778,0.05666666666666667,-2.1907920267309446
0.4111111111111111,0.17777777777777778,0.06444444444444444,-2.124795385050073
0.4111111111111111,0.17777777777777778,0.07222222222222223,-2.3434517597060367
0.4111111111111111,0.17777777777777778,0.08,-2.591561417768884
0.4111111111111111,0.25555555555555554,0.01,-2.6410245135593056
0.4111111111111111,0.25555555555555554,0.017777777777777778,-2.3719563110314335
0.4111111111111111,0.25555555555555554,0.025555555555555557,-2.4203713106037528
0.4111111111111111,0.25555555555555554,0.03333333333333333,-2.39890428261129
0.4111111111111111,0.25555555555555554,0.04111111111111111,-2.5141207443045976
0.4111111111111111,0.25555555555555554,0.04888888888888889,-2.5909286237219153
0.4111111111111111,0.25555555555555554,0.05666666666666667,-2.6612641738642493
0.4111111111111111,0.25555555555555554,0.06444444444444444,-2.6732486456409084
0.4111111111111111,0.25555555555555554,0.07222222222222223,-2.500738571493401
0.4111111111111111,0.25555555555555554,0.08,-2.4351311195409036
0.4111111111111111,0.33333333333333337,0.01,-2.497868181483612
0.4111111111111111,0.33333333333333337,0.017777777777777778,-2.6330582734356196
0.4111111111111111,0.33333333333333337,0.025555555555555557,-2.632667229050301
0.4111111111111111,0.33333333333333337,0.03333333333333333,-2.619886756722813
0.4111111111111111,0.33333333333333337,0.04111111111111111,-1.7470680393029827
0.4111111111111111,0.33333333333333337,0.04888888888888889,-2.614116460137135
0.4111111111111111,0.33333333333333337,0.05666666666666667,-2.1029907597407105
0.4111111111111111,0.33333333333333337,0.06444444444444444,-2.43053649861906
0.4111111111111111,0.33333333333333337,0.07222222222222223,-2.4266187645861925
0.4111111111111111,0.33333333333333337,0.08,-2.508657591836022
0.4111111111111111,0.4111111111111111,0.01,-2.3948258246864436
0.4111111111111111,0.4111111111111111,0.017777777777777778,-2.552149600032408
0.4111111111111111,0.4111111111111111,0.025555555555555557,-2.567092001551503
0.4111111111111111,0.4111111111111111,0.03333333333333333,-2.3513567956110943
0.4111111111111111,0.4111111111111111,0.04111111111111111,-2.3777098154579774
0.4111111111111111,0.4111111111111111,0.04888888888888889,-2.14770616586774
0.4111111111111111,0.4111111111111111,0.05666666666666667,-2.655616558987442
0.4111111111111111,0.4111111111111111,0.06444444444444444,-2.5877871564803434
0.4111111111111111,0.4111111111111111,0.07222222222222223,-2.3180677735591706
0.4111111111111111,0.4111111111111111,0.08,-2.419798490457415
0.4111111111111111,0.48888888888888893,0.01,-2.743125083562384
0.4111111111111111,0.48888888888888893,0.017777777777777778,-2.208207960702358
0.4111111111111111,0.48888888888888893,0.025555555555555557,-2.8058413075113036
0.4111111111111111,0.48888888888888893,0.03333333333333333,-2.500532766980096
0.4111111111111111,0.48888888888888893,0.04111111111111111,-3.0032879331459346
0.4111111111111111,0.48888888888888893,0.04888888888888889,-2.3930634129560304
0.4111111111111111,0.48888888888888893,0.05666666666666667,-2.699807021734024
0.4111111111111111,0.48888888888888893,0.06444444444444444,-2.2616692214978613
0.4111111111111111,0.48888888888888893,0.07222222222222223,-2.502428812999997
0.4111111111111111,0.48888888888888893,0.08,-2.627452917289881
0.4111111111111111,0.5666666666666667,0.01,-2.6318171567664765
0.4111111111111111,0.5666666666666667,0.017777777777777778,-1.9986039205368473
0.4111111111111111,0.5666666666666667,0.025555555555555557,-2.821117394133822
0.4111111111111111,0.5666666666666667,0.03333333333333333,-2.0951507878190028
0.4111111111111111,0.5666666666666667,0.04111111111111111,-2.433101773144795
0.4111111111111111,0.5666666666666667,0.04888888888888889,-2.3984103224191062
0.4111111111111111,0.5666666666666667,0.05666666666666667,-2.7317328843903166
0.4111111111111111,0.5666666666666667,0.06444444444444444,-2.4078633106056238
0.4111111111111111,0.5666666666666667,0.07222222222222223,-2.1985776827344408
0.4111111111111111,0.5666666666666667,0.08,-2.411622345027569
0.4111111111111111,0.6444444444444445,0.01,-2.6869718843144312
0.4111111111111111,0.6444444444444445,0.017777777777777778,-2.247784329018129
0.4111111111111111,0.6444444444444445,0.025555555555555557,-2.5911554265985437
0.4111111111111111,0.6444444444444445,0.03333333333333333,-2.7380422543872536
0.4111111111111111,0.6444444444444445,0.04111111111111111,-2.328560754458636
0.4111111111111111,0.6444444444444445,0.04888888888888889,-2.2383239071057743
0.4111111111111111,0.6444444444444445,0.05666666666666667,-2.6614732623592596
0.4111111111111111,0.6444444444444445,0.06444444444444444,-2.2969188433409657
0.4111111111111111,0.6444444444444445,0.07222222222222223,-2.6287884379101674
0.4111111111111111,0.6444444444444445,0.08,-2.395567466977419
0.4111111111111111,0.7222222222222222,0.01,-2.8581670522368805
0.4111111111111111,0.7222222222222222,0.017777777777777778,-2.5162935125595873
0.4111111111111111,0.7222222222222222,0.025555555555555557,-2.0628731993912472
0.4111111111111111,0.7222222222222222,0.03333333333333333,-2.813092896286201
0.4111111111111111,0.7222222222222222,0.04111111111111111,-2.3605325187311896
0.4111111111111111,0.7222222222222222,0.04888888888888889,-2.2098599605020985
0.4111111111111111,0.7222222222222222,0.05666666666666667,-2.2810529929364582
0.4111111111111111,0.7222222222222222,0.06444444444444444,-2.570139620229102
0.4111111111111111,0.7222222222222222,0.07222222222222223,-2.5030113640710345
0.4111111111111111,0.7222222222222222,0.08,-2.4227482477576046
0.4111111111111111,0.8,0.01,-2.6310024438644284
0.4111111111111111,0.8,0.017777777777777778,-2.478099485940402
0.4111111111111111,0.8,0.025555555555555557,-2.4255969905078794
0.4111111111111111,0.8,0.03333333333333333,-2.790553155941561
0.4111111111111111,0.8,0.04111111111111111,-2.4368858619273674
0.4111111111111111,0.8,0.04888888888888889,-2.4226582931403056
0.4111111111111111,0.8,0.05666666666666667,-2.4139635953167735
0.4111111111111111,0.8,0.06444444444444444,-2.322515037422049
0.4111111111111111,0.8,0.07222222222222223,-2.8533295706920425
0.4111111111111111,0.8,0.08,-2.4009931065988086
0.48888888888888893,0.1,0.01,-2.2303211512512697
0.48888888888888893,0.1,0.017777777777777778,-2.6443271741548275
0.48888888888888893,0.1,0.025555555555555557,-2.3581548331413034
0.48888888888888893,0.1,0.03333333333333333,-1.8144309274338855
0.48888888888888893,0.1,0.04111111111111111,-2.2900541347007675
0.48888888888888893,0.1,0.04888888888888889,-2.4061707178419605
0.48888888888888893,0.1,0.05666666666666667,-2.390103613160455
0.48888888888888893,0.1,0.06444444444444444,-2.3727826912302463
0.48888888888888893,0.1,0.07222222222222223,-2.3821945032907648
0.48888888888888893,0.1,0.08,-2.520905943700253
0.48888888888888893,0.17777777777777778,0.01,-2.5874015081084165
0.48888888888888893,0.17777777777777778,0.017777777777777778,-2.3473747448182074
0.48888888888888893,0.17777777777777778,0.025555555555555557,-2.3772756601558753
0.48888888888888893,0.17777777777777778,0.03333333333333333,-2.041144646328996
0.48888888888888893,0.17777777777777778,0.04111111111111111,-2.4681324819433903
0.48888888888888893,0.17777777777777778,0.04888888888888889,-2.7533821701720838
0.48888888888888893,0.17777777777777778,0.05666666666666667,-2.6564834973552736
0.48888888888888893,0.17777777777777778,0.06444444444444444,-2.628261893920935
0.48888888888888893,0.17777777777777778,0.07222222222222223,-2.7174293488406183
0.48888888888888893,0.17777777777777778,0.08,-2.4265816752657767
0.48888888888888893,0.25555555555555554,0.01,-2.6003649679115375
0.48888888888888893,0.25555555555555554,0.017777777777777778,-2.119394894780889
0.48888888888888893,0.25555555555555554,0.025555555555555557,-2.3232876062153336
0.48888888888888893,0.25555555555555554,0.03333333333333333,-2.708070508334585
0.48888888888888893,0.25555555555555554,0.04111111111111111,-2.1142088259218204
0.48888888888888893,0.25555555555555554,0.04888888888888889,-1.997730617406443
0.48888888888888893,0.25555555555555554,0.05666666666666667,-2.7826397238747234
0.48888888888888893,0.25555555555555554,0.06444444444444444,-2.659638550405061
0.48888888888888893,0.25555555555555554,0.07222222222222223,-2.150205412433726
0.48888888888888893,0.25555555555555554,0.08,-2.552903053030454
0.48888888888888893,0.33333333333333337,0.01,-2.380253205460849
0.48888888888888893,0.33333333333333337,0.017777777777777778,-2.4254608947272
0.48888888888888893,0.33333333333333337,0.025555555555555557,-2.487438815576982
0.48888888888888893,0.33333333333333337,0.03333333333333333,-2.8646517431192633
0.48888888888888893,0.33333333333333337,0.04111111111111111,-2.5669963688064454
0.48888888888888893,0.33333333333333337,0.04888888888888889,-2.3178097414948757
0.48888888888888893,0.33333333333333337,0.05666666666666667,-2.3173965726124104
0.48888888888888893,0.33333333333333337,0.06444444444444444,-2.118311844864425
0.48888888888888893,0.33333333333333337,0.07222222222222223,-1.8208740972938604
0.48888888888888893,0.33333333333333337,0.08,-2.5903441998164674
0.48888888888888893,0.4111111111111111,0.01,-2.429601771796472
0.48888888888888893,0.4111111111111111,0.017777777777777778,-2.00984203481065
0.48888888888888893,0.4111111111111111,0.025555555555555557,-1.8523448475433901
0.48888888888888893,0.4111111111111111,0.03333333333333333,-2.3375194780436237
0.48888888888888893,0.4111111111111111,0.04111111111111111,-2.8478631057839765
0.48888888888888893,0.4111111111111111,0.04888888888888889,-2.164125459488583
0.48888888888888893,0.4111111111111111,0.05666666666666667,-2.2127555409025743
0.48888888888888893,0.4111111111111111,0.06444444444444444,-1.9202796291603854
0.48888888888888893,0.4111111111111111,0.07222222222222223,-2.4941506280547947
0.48888888888888893,0.4111111111111111,0.08,-2.27637305504375
0.48888888888888893,0.48888888888888893,0.01,-2.466454818472089
0.48888888888888893,0.48888888888888893,0.017777777777777778,-2.1636539903222665
0.48888888888888893,0.48888888888888893,0.025555555555555557,-2.5098362149305706
0.48888888888888893,0.48888888888888893,0.03333333333333333,-2.8115570376842323
0.48888888888888893,0.48888888888888893,0.04111111111111111,-2.4584515424729894
0.48888888888888893,0.48888888888888893,0.04888888888888889,-2.8350403193508162
0.48888888888888893,0.48888888888888893,0.05666666666666667,-2.0800222565375046
0.48888888888888893,0.48888888888888893,0.06444444444444444,-2.4289578186723224
0.48888888888888893,0.48888888888888893,0.07222222222222223,-2.0747779341708603
0.48888888888888893,0.48888888888888893,0.08,-2.410357362670561
0.48888888888888893,0.5666666666666667,0.01,-2.5946517667980684
0.48888888888888893,0.5666666666666667,0.017777777777777778,-2.484634132968465
0.48888888888888893,0.5666666666666667,0.025555555555555557,-2.6575350513088893
0.48888888888888893,0.5666666666666667,0.03333333333333333,-2.664156455755839
0.48888888888888893,0.5666666666666667,0.04111111111111111,-1.9560375993492685
0.48888888888888893,0.5666666666666667,0.04888888888888889,-2.7026983732711343
0.48888888888888893,0.5666666666666667,0.05666666666666667,-2.966655422486879
0.48888888888888893,0.5666666666666667,0.06444444444444444,-2.7482852830765756
0.48888888888888893,0.5666666666666667,0.07222222222222223,-2.6827395833789263
0.48888888888888893,0.5666666666666667,0.08,-2.380525767695873
0.48888888888888893,0.6444444444444445,0.01,-2.6030995751967003
0.48888888888888893,0.6444444444444445,0.017777777777777778,-2.0224167918036766
0.48888888888888893,0.6444444444444445,0.025555555555555557,-2.217361720863495
0.48888888888888893,0.6444444444444445,0.03333333333333333,-2.861623088661129
0.48888888888888893,0.6444444444444445,0.04111111111111111,-1.9710564309954506
0.48888888888888893,0.6444444444444445,0.04888888888888889,-2.176232889092854
0.48888888888888893,0.6444444444444445,0.05666666666666667,-2.301794123482518
0.48888888888888893,0.6444444444444445,0.06444444444444444,-1.9968419922502676
0.48888888888888893,0.6444444444444445,0.07222222222222223,-2.473351325570974
0.48888888888888893,0.6444444444444445,0.08,-2.3957381191363583
0.48888888888888893,0.7222222222222222,0.01,-2.5801151118551107
0.48888888888888893,0.7222222222222222,0.017777777777777778,-2.4007423603061513
0.48888888888888893,0.7222222222222222,0.025555555555555557,-2.4172326657490135
0.48888888888888893,0.7222222222222222,0.03333333333333333,-2.719508277244761
0.48888888888888893,0.7222222222222222,0.04111111111111111,-2.069989265548984
0.48888888888888893,0.7222222222222222,0.04888888888888889,-2.463754116730382
0.48888888888888893,0.7222222222222222,0.05666666666666667,-2.372712164913516
0.48888888888888893,0.7222222222222222,0.06444444444444444,-2.6452753148526744
0.48888888888888893,0.7222222222222222,0.07222222222222223,-2.888695760670277
0.48888888888888893,0.7222222222222222,0.08,-2.3569840038533405
0.48888888888888893,0.8,0.01,-2.800750109137757
0.48888888888888893,0.8,0.017777777777777778,-2.3628054548213426
0.48888888888888893,0.8,0.025555555555555557,-2.5739450991130037
0.48888888888888893,0.8,0.03333333333333333,-1.9606851393131586
0.48888888888888893,0.8,0.04111111111111111,-2.29366115750061
0.48888888888888893,0.8,0.04888888888888889,-2.6810579882155223
0.48888888888888893,0.8,0.05666666666666667,-2.83663498978113
0.48888888888888893,0.8,0.06444444444444444,-2.727398370194473
0.48888888888888893,0.8,0.07222222222222223,-2.343102006634738
0.48888888888888893,0.8,0.08,-2.677241200316368
0.5666666666666667,0.1,0.01,-2.942473121856002
0.5666666666666667,0.1,0.017777777777777778,-2.7371042606020546
0.5666666666666667,0.1,0.025555555555555557,-2.7457625493127105
0.5666666666666667,0.1,0.03333333333333333,-2.2470878463957016
0.5666666666666667,0.1,0.04111111111111111,-2.6408449434618877
0.5666666666666667,0.1,0.04888888888888889,-2.7424207187716667
0.5666666666666667,0.1,0.05666666666666667,-2.6741354826343606
0.5666666666666667,0.1,0.06444444444444444,-2.268580465935238
0.5666666666666667,0.1,0.07222222222222223,-2.332160754435799
0.5666666666666667,0.1,0.08,-2.6111275905143057
0.5666666666666667,0.17777777777777778,0.01,-1.907183584277258
0.5666666666666667,0.17777777777777778,0.017777777777777778,-2.668529157230936
0.5666666666666667,0.17777777777777778,0.025555555555555557,-2.5765551369534694
0.5666666666666667,0.17777777777777778,0.03333333333333333,-2.408682009765699
0.5666666666666667,0.17777777777777778,0.04111111111111111,-2.2669754751982545
0.5666666666666667,0.17777777777777778,0.04888888888888889,-2.1340698963338807
0.5666666666666667,0.17777777777777778,0.05666666666666667,-2.5775620408212103
0.5666666666666667,0.17777777777777778,0.06444444444444444,-2.4867801952659976
0.5666666666666667,0.17777777777777778,0.07222222222222223,-2.5126374270405463
0.5666666666666667,0.17777777777777778,0.08,-2.222283968533559
0.5666666666666667,0.25555555555555554,0.01,-2.7571363954139336
0.5666666666666667,0.25555555555555554,0.017777777777777778,-2.492045608028258
0.5666666666666667,0.25555555555555554,0.025555555555555557,-2.6221595568527025
0.5666666666666667,0.25555555555555554,0.03333333333333333,-2.0320576097401974
0.5666666666666667,0.25555555555555554,0.04111111111111111,-2.535319453213299
0.5666666666666667,0.25555555555555554,0.04888888888888889,-2.5942192744202544
0.5666666666666667,0.25555555555555554,0.05666666666666667,-2.003207826871038
0.5666666666666667,0.25555555555555554,0.06444444444444444,-2.185017061183726
0.5666666666666667,0.25555555555555554,0.07222222222222223,-2.2322401335739386
0.5666666666666667,0.25555555555555554,0.08,-2.596432850222748
0.5666666666666667,0.33333333333333337,0.01,-2.8785873316028763
0.5666666666666667,0.33333333333333337,0.017777777777777778,-2.598598916591392
0.5666666666666667,0.33333333333333337,0.025555555555555557,-2.4865609546446015
0.5666666666666667,0.33333333333333337,0.03333333333333333,-2.081206818414583
0.5666666666666667,0.33333333333333337,0.04111111111111111,-2.055240893488363
0.5666666666666667,0.33333333333333337,0.04888888888888889,-2.6396095138121645
0.5666666666666667,0.33333333333333337,0.05666666666666667,-1.5284354473369928
0.5666666666666667,0.33333333333333337,0.06444444444444444,-2.8423668674453384
0.5666666666666667,0.33333333333333337,0.07222222222222223,-2.4076395067559133
0.5666666666666667,0.33333333333333337,0.08,-2.493404670475476
0.5666666666666667,0.4111111111111111,0.01,-2.3958799668321253
0.5666666666666667,0.4111111111111111,0.017777777777777778,-2.4683050233389876
0.5666666666666667,0.4111111111111111,0.025555555555555557,-2.653885613492892
0.5666666666666667,0.4111111111111111,0.03333333333333333,-2.4307206617268466
0.5666666666666667,0.4111111111111111,0.04111111111111111,-2.361836358898574
0.5666666666666667,0.4111111111111111,0.04888888888888889,-2.537817963523639
0.5666666666666667,0.4111111111111111,0.05666666666666667,-2.145018585537613
0.5666666666666667,0.4111111111111111,0.06444444444444444,-2.5615180282997576
0.5666666666666667,0.4111111111111111,0.07222222222222223,-2.41993356125196
0.5666666666666667,0.4111111111111111,0.08,-2.147492716956184
0.5666666666666667,0.48888888888888893,0.01,-2.4154255326828857
0.5666666666666667,0.48888888888888893,0.017777777777777778,-2.4209157903067835
0.5666666666666667,0.48888888888888893,0.025555555555555557,-2.329647387597548
0.5666666666666667,0.48888888888888893,0.03333333333333333,-2.0762202844519075
0.5666666666666667,0.48888888888888893,0.04111111111111111,-2.471524736174973
0.5666666666666667,0.48888888888888893,0.04888888888888889,-2.3161960851162924
0.5666666666666667,0.48888888888888893,0.05666666666666667,-2.601476801856539
0.5666666666666667,0.48888888888888893,0.06444444444444444,-1.8910073948582586
0.5666666666666667,0.48888888888888893,0.07222222222222223,-2.097767045861627
0.5666666666666667,0.48888888888888893,0.08,-2.2172056312225674
0.5666666666666667,0.5666666666666667,0.01,-2.238127894050783
0.5666666666666667,0.5666666666666667,0.017777777777777778,-2.372776948948264
0.5666666666666667,0.5666666666666667,0.025555555555555557,-2.618256171827472
0.5666666666666667,0.5666666666666667,0.03333333333333333,-2.6025360478045303
0.5666666666666667,0.5666666666666667,0.04111111111111111,-2.2309062554505905
0.5666666666666667,0.5666666666666667,0.04888888888888889,-2.76922999521691
0.5666666666666667,0.5666666666666667,0.05666666666666667,-2.2305971604494106
0.5666666666666667,0.5666666666666667,0.06444444444444444,-2.3642949291918187
0.5666666666666667,0.5666666666666667,0.07222222222222223,-3.012544484962267
0.5666666666666667,0.5666666666666667,0.08,-2.5528387514876405
0.5666666666666667,0.6444444444444445,0.01,-2.521177743499848
0.5666666666666667,0.6444444444444445,0.017777777777777778,-2.2818014871165757
0.5666666666666667,0.6444444444444445,0.025555555555555557,-2.259536852185412
0.5666666666666667,0.6444444444444445,0.03333333333333333,-1.953550616132721
0.5666666666666667,0.6444444444444445,0.04111111111111111,-2.801093657581358
0.5666666666666667,0.6444444444444445,0.04888888888888889,-2.3971572535906938
0.5666666666666667,0.6444444444444445,0.05666666666666667,-2.4460502435910674
0.5666666666666667,0.6444444444444445,0.06444444444444444,-2.342353128117487
0.5666666666666667,0.6444444444444445,0.07222222222222223,-1.9918700040969717
0.5666666666666667,0.6444444444444445,0.08,-2.3209211033894377
0.5666666666666667,0.7222222222222222,0.01,-2.3652027771224984
0.5666666666666667,0.7222222222222222,0.017777777777777778,-2.28777215320301
0.5666666666666667,0.7222222222222222,0.025555555555555557,-2.370054543831003
0.5666666666666667,0.7222222222222222,0.03333333333333333,-2.6819213373553197
0.5666666666666667,0.7222222222222222,0.04111111111111111,-2.474579681583967
0.5666666666666667,0.7222222222222222,0.04888888888888889,-2.06785499793605
0.5666666666666667,0.7222222222222222,0.05666666666666667,-2.4201627305816595
0.5666666666666667,0.7222222222222222,0.06444444444444444,-2.5703713033450883
0.5666666666666667,0.7222222222222222,0.07222222222222223,-2.3911641706238167
0.5666666666666667,0.7222222222222222,0.08,-2.120291744340325
0.5666666666666667,0.8,0.01,-2.1412786981186267
0.5666666666666667,0.8,0.017777777777777778,-2.5778592546127754
0.5666666666666667,0.8,0.025555555555555557,-2.552938204447449
0.5666666666666667,0.8,0.03333333333333333,-2.513323813288744
0.5666666666666667,0.8,0.04111111111111111,-2.4635915281553356
0.5666666666666667,0.8,0.04888888888888889,-2.053161397311521
0.5666666666666667,0.8,0.05666666666666667,-2.315112989957437
0.5666666666666667,0.8,0.06444444444444444,-2.466924447092213
0.5666666666666667,0.8,0.07222222222222223,-2.369021590532513
0.5666666666666667,0.8,0.08,-2.4303672120877873
0.6444444444444445,0.1,0.01,-2.446132501352552
0.6444444444444445,0.1,0.017777777777777778,-2.1499448223363045
0.6444444444444445,0.1,0.025555555555555557,-2.4563641190091947
0.6444444444444445,0.1,0.03333333333333333,-1.7750208465998132
0.6444444444444445,0.1,0.04111111111111111,-2.424066424624862
0.6444444444444445,0.1,0.04888888888888889,-2.671806686931639
0.6444444444444445,0.1,0.05666666666666667,-1.8797404454891187
0.6444444444444445,0.1,0.06444444444444444,-2.235537526054577
0.6444444444444445,0.1,0.07222222222222223,-2.5385649290173617
0.6444444444444445,0.1,0.08,-2.834481730336708
0.6444444444444445,0.17777777777777778,0.01,-2.07177385564826
0.6444444444444445,0.17777777777777778,0.017777777777777778,-2.7156153594692425
0.6444444444444445,0.17777777777777778,0.025555555555555557,-2.3487674914517895
0.6444444444444445,0.17777777777777778,0.03333333333333333,-2.463765810772035
0.6444444444444445,0.17777777777777778,0.04111111111111111,-2.1806427403466064
0.6444444444444445,0.17777777777777778,0.04888888888888889,-2.591165911861713
0.6444444444444445,0.17777777777777778,0.05666666666666667,-2.6627304364165107
0.6444444444444445,0.17777777777777778,0.06444444444444444,-2.529640480684167
0.6444444444444445,0.17777777777777778,0.07222222222222223,-2.5081188296539056
0.6444444444444445,0.17777777777777778,0.08,-1.9785645967949148
0.6444444444444445,0.25555555555555554,0.01,-2.5936124758315455
0.6444444444444445,0.25555555555555554,0.017777777777777778,-2.5984957768297585
0.6444444444444445,0.25555555555555554,0.025555555555555557,-2.650344682291196
0.6444444444444445,0.25555555555555554,0.03333333333333333,-2.141178924949466
0.6444444444444445,0.25555555555555554,0.04111111111111111,-2.3899007885438097
0.6444444444444445,0.25555555555555554,0.04888888888888889,-2.7110501134241702
0.6444444444444445,0.25555555555555554,0.05666666666666667,-2.3521725122833863
0.6444444444444445,0.25555555555555554,0.06444444444444444,-2.4017590565349325
0.6444444444444445,0.25555555555555554,0.07222222222222223,-2.7936260802429635
0.6444444444444445,0.25555555555555554,0.08,-2.6145018305902274
0.6444444444444445,0.33333333333333337,0.01,-2.27925336943683
0.6444444444444445,0.33333333333333337,0.017777777777777778,-2.3996476289537862
0.6444444444444445,0.33333333333333337,0.025555555555555557,-2.5749587016198223
0.6444444444444445,0.33333333333333337,0.03333333333333333,-2.4829372551872577
0.6444444444444445,0.33333333333333337,0.04111111111111111,-2.64102419078061
0.6444444444444445,0.33333333333333337,0.04888888888888889,-2.194784844521483
0.6444444444444445,0.33333333333333337,0.05666666666666667,-2.4362127560768676
0.6444444444444445,0.33333333333333337,0.06444444444444444,-2.427741815372037
0.6444444444444445,0.33333333333333337,0.07222222222222223,-2.504366761342768
0.6444444444444445,0.33333333333333337,0.08,-1.755648403750482
0.6444444444444445,0.4111111111111111,0.01,-2.088668247855932
0.6444444444444445,0.4111111111111111,0.017777777777777778,-2.391751154821253
0.6444444444444445,0.4111111111111111,0.025555555555555557,-2.4177559064491794
0.6444444444444445,0.4111111111111111,0.03333333333333333,-2.212718121658602
0.6444444444444445,0.4111111111111111,0.04111111111111111,-2.432119089590152
0.6444444444444445,0.4111111111111111,0.04888888888888889,-2.478703645146014
0.6444444444444445,0.4111111111111111,0.05666666666666667,-2.5686720821999742
0.6444444444444445,0.4111111111111111,0.06444444444444444,-2.1194273127474075
0.6444444444444445,0.4111111111111111,0.07222222222222223,-2.6296850344127267
0.6444444444444445,0.4111111111111111,0.08,-2.186877066185442
0.6444444444444445,0.48888888888888893,0.01,-2.3043782458069155
0.6444444444444445,0.48888888888888893,0.017777777777777778,-2.4864827899527056
0.6444444444444445,0.48888888888888893,0.025555555555555557,-2.5221831327031117
0.6444444444444445,0.48888888888888893,0.03333333333333333,-2.778937669924837
0.6444444444444445,0.48888888888888893,0.04111111111111111,-2.326170098274389
0.6444444444444445,0.48888888888888893,0.04888888888888889,-2.2057913950343924
0.6444444444444445,0.48888888888888893,0.05666666666666667,-2.420394715767988
0.6444444444444445,0.48888888888888893,0.06444444444444444,-2.8846242815229997
0.6444444444444445,0.48888888888888893,0.07222222222222223,-2.294622867114444
0.6444444444444445,0.48888888888888893,0.08,-2.654273341188774
0.6444444444444445,0.5666666666666667,0.01,-2.5199148527652993
0.6444444444444445,0.5666666666666667,0.017777777777777778,-2.273330868134222
0.6444444444444445,0.5666666666666667,0.025555555555555557,-2.619882911492692
0.6444444444444445,0.5666666666666667,0.03333333333333333,-2.280164203914483
0.6444444444444445,0.5666666666666667,0.04111111111111111,-2.028342390513444
0.6444444444444445,0.5666666666666667,0.04888888888888889,-2.1724291004595946
0.6444444444444445,0.5666666666666667,0.05666666666666667,-2.646091840431209
0.6444444444444445,0.5666666666666667,0.06444444444444444,-2.6243435318033432
0.6444444444444445,0.5666666666666667,0.07222222222222223,-2.589057328897902
0.6444444444444445,0.5666666666666667,0.08,-2.748054799293667
0.6444444444444445,0.6444444444444445,0.01,-2.5509095639056696
0.6444444444444445,0.6444444444444445,0.017777777777777778,-2.9148225072976133
0.6444444444444445,0.6444444444444445,0.025555555555555557,-2.603157780300338
0.6444444444444445,0.6444444444444445,0.03333333333333333,-2.516014677395439
0.6444444444444445,0.6444444444444445,0.04111111111111111,-2.3322221870445268
0.6444444444444445,0.6444444444444445,0.04888888888888889,-2.4380111075541935
0.6444444444444445,0.6444444444444445,0.05666666666666667,-2.468057973010685
0.6444444444444445,0.6444444444444445,0.06444444444444444,-2.685546851877752
0.6444444444444445,0.6444444444444445,0.07222222222222223,-2.3906335917413495
0.6444444444444445,0.6444444444444445,0.08,-2.2618384824182813
0.6444444444444445,0.7222222222222222,0.01,-2.2538842490186846
0.6444444444444445,0.7222222222222222,0.017777777777777778,-2.1385509456072147
0.6444444444444445,0.7222222222222222,0.025555555555555557,-2.6582703126740688
0.6444444444444445,0.7222222222222222,0.03333333333333333,-2.3954095369192023
0.6444444444444445,0.7222222222222222,0.04111111111111111,-2.4720743612748173
0.6444444444444445,0.7222222222222222,0.04888888888888889,-2.8660056261998017
0.6444444444444445,0.7222222222222222,0.05666666666666667,-2.4706685637182546
0.6444444444444445,0.7222222222222222,0.06444444444444444,-2.2453442548364633
0.6444444444444445,0.7222222222222222,0.07222222222222223,-2.4380272329830484
0.6444444444444445,0.7222222222222222,0.08,-2.520588361572355
0.6444444444444445,0.8,0.01,-2.8152983269672176
0.6444444444444445,0.8,0.017777777777777778,-2.3401075681947257
0.6444444444444445,0.8,0.025555555555555557,-2.467068708125353
0.6444444444444445,0.8,0.03333333333333333,-2.647787268005879
0.6444444444444445,0.8,0.04111111111111111,-2.250569887707054
0.6444444444444445,0.8,0.04888888888888889,-2.6246194688245104
0.6444444444444445,0.8,0.05666666666666667,-2.633451203391806
0.6444444444444445,0.8,0.06444444444444444,-2.106412450661611
0.6444444444444445,0.8,0.07222222222222223,-2.2252263500868064
0.6444444444444445,0.8,0.08,-2.618283948632235
0.7222222222222222,0.1,0.01,-2.793168338359468
0.7222222222222222,0.1,0.017777777777777778,-2.0620173512949775
0.7222222222222222,0.1,0.025555555555555557,-2.32198659311589
0.7222222222222222,0.1,0.03333333333333333,-2.3022569086163163
0.7222222222222222,0.1,0.04111111111111111,-2.2944231939461543
0.7222222222222222,0.1,0.04888888888888889,-2.214038874767362
0.7222222222222222,0.1,0.05666666666666667,-2.5693643842001537
0.7222222222222222,0.1,0.06444444444444444,-2.645423089133203
0.7222222222222222,0.1,0.07222222222222223,-2.814537643542999
0.7222222222222222,0.1,0.08,-2.8064654116358403
0.7222222222222222,0.17777777777777778,0.01,-2.5852623883777994
0.7222222222222222,0.17777777777777778,0.017777777777777778,-2.4172639008800743
0.7222222222222222,0.17777777777777778,0.025555555555555557,-2.7240780144998498
0.7222222222222222,0.17777777777777778,0.03333333333333333,-2.211650218623555
0.7222222222222222,0.17777777777777778,0.04111111111111111,-2.1841001271079046
0.7222222222222222,0.17777777777777778,0.04888888888888889,-2.1951029196876752
0.7222222222222222,0.17777777777777778,0.05666666666666667,-2.573378997819886
0.7222222222222222,0.17777777777777778,0.06444444444444444,-2.09254032356244
0.7222222222222222,0.17777777777777778,0.07222222222222223,-2.346745484709749
0.7222222222222222,0.17777777777777778,0.08,-2.198182418934098
0.7222222222222222,0.25555555555555554,0.01,-2.4132861228752303
0.7222222222222222,0.25555555555555554,0.017777777777777778,-2.6572974445645094
0.7222222222222222,0.25555555555555554,0.025555555555555557,-2.8747193660848205
0.7222222222222222,0.25555555555555554,0.03333333333333333,-2.457256110187893
0.7222222222222222,0.25555555555555554,0.04111111111111111,-2.528198035552597
0.7222222222222222,0.25555555555555554,0.04888888888888889,-2.318970077539214
0.7222222222222222,0.25555555555555554,0.05666666666666667,-2.7965675615049963
0.7222222222222222,0.25555555555555554,0.06444444444444444,-2.1864610956206665
0.7222222222222222,0.25555555555555554,0.07222222222222223,-2.293899526792461
0.7222222222222222,0.25555555555555554,0.08,-2.346191383286402
0.7222222222222222,0.33333333333333337,0.01,-2.214236298069557
0.7222222222222222,0.33333333333333337,0.017777777777777778,-2.27123362971109
0.7222222222222222,0.33333333333333337,0.025555555555555557,-2.4158799394124206
0.7222222222222222,0.33333333333333337,0.03333333333333333,-2.8674972966510786
0.7222222222222222,0.33333333333333337,0.04111111111111111,-2.482343645418807
0.7222222222222222,0.33333333333333337,0.04888888888888889,-3.0942448265998728
0.7222222222222222,0.33333333333333337,0.05666666666666667,-2.5859057867118596
0.7222222222222222,0.33333333333333337,0.06444444444444444,-2.555760272928216
0.7222222222222222,0.33333333333333337,0.07222222222222223,-2.7048350059392723
0.7222222222222222,0.33333333333333337,0.08,-2.5043303781455357
0.7222222222222222,0.4111111111111111,0.01,-2.492799135620797
0.7222222222222222,0.4111111111111111,0.017777777777777778,-2.557211933901449
0.7222222222222222,0.4111111111111111,0.025555555555555557,-2.73469977492963
0.7222222222222222,0.4111111111111111,0.03333333333333333,-2.1417068752215775
0.7222222222222222,0.4111111111111111,0.04111111111111111,-2.7067021162034415
0.7222222222222222,0.4111111111111111,0.04888888888888889,-2.672483603472032
0.7222222222222222,0.4111111111111111,0.05666666666666667,-2.6432811502682108
0.7222222222222222,0.4111111111111111,0.06444444444444444,-2.7414163126425235
0.7222222222222222,0.4111111111111111,0.07222222222222223,-2.1946115699656126
0.7222222222222222,0.4111111111111111,0.08,-2.900801963477463
0.7222222222222222,0.48888888888888893,0.01,-2.4709839381514427
0.7222222222222222,0.48888888888888893,0.017777777777777778,-2.574509521736556
0.7222222222222222,0.48888888888888893,0.025555555555555557,-2.2460607981448484
0.7222222222222222,0.48888888888888893,0.03333333333333333,-2.454931111996898
0.7222222222222222,0.48888888888888893,0.04111111111111111,-2.5470569377988417
0.7222222222222222,0.48888888888888893,0.04888888888888889,-2.5667305871515187
0.7222222222222222,0.48888888888888893,0.05666666666666667,-2.001595653646067
0.7222222222222222,0.48888888888888893,0.06444444444444444,-2.1265177207659667
0.7222222222222222,0.48888888888888893,0.07222222222222223,-2.2791086827912808
0.7222222222222222,0.48888888888888893,0.08,-2.7480163833039475
0.7222222222222222,0.5666666666666667,0.01,-2.373556083970997
0.7222222222222222,0.5666666666666667,0.017777777777777778,-2.3796570502946026
0.7222222222222222,0.5666666666666667,0.025555555555555557,-2.22815349267747
0.7222222222222222,0.5666666666666667,0.03333333333333333,-2.3058796574429743
0.7222222222222222,0.5666666666666667,0.04111111111111111,-2.5107019970468594
0.7222222222222222,0.5666666666666667,0.04888888888888889,-2.712836630079545
0.7222222222222222,0.5666666666666667,0.05666666666666667,-2.226406082849251
0.7222222222222222,0.5666666666666667,0.06444444444444444,-2.3596708389417533
0.7222222222222222,0.5666666666666667,0.07222222222222223,-2.579926265126443
0.7222222222222222,0.5666666666666667,0.08,-2.8656666885348856
0.7222222222222222,0.6444444444444445,0.01,-2.621959790360967
0.7222222222222222,0.6444444444444445,0.017777777777777778,-2.8874368819314493
0.7222222222222222,0.6444444444444445,0.025555555555555557,-2.6249665628149796
0.7222222222222222,0.6444444444444445,0.03333333333333333,-2.356686605292579
0.7222222222222222,0.6444444444444445,0.04111111111111111,-2.5624459540466646
0.7222222222222222,0.6444444444444445,0.04888888888888889,-2.7562042209161506
0.7222222222222222,0.6444444444444445,0.05666666666666667,-2.024302057033372
0.7222222222222222,0.6444444444444445,0.06444444444444444,-2.7061272642919345
0.7222222222222222,0.6444444444444445,0.07222222222222223,-2.6403877712391632
0.7222222222222222,0.6444444444444445,0.08,-2.6050480779576963
0.7222222222222222,0.7222222222222222,0.01,-2.3011834756972447
0.7222222222222222,0.7222222222222222,0.017777777777777778,-2.5945444444630072
0.7222222222222222,0.7222222222222222,0.025555555555555557,-2.1067536814596184
0.7222222222222222,0.7222222222222222,0.03333333333333333,-2.4980359089161004
0.7222222222222222,0.7222222222222222,0.04111111111111111,-2.8464690213184802
0.7222222222222222,0.7222222222222222,0.04888888888888889,-2.8374779990626946
0.7222222222222222,0.7222222222222222,0.05666666666666667,-2.299167342713551
0.7222222222222222,0.7222222222222222,0.06444444444444444,-2.469426150339295
0.7222222222222222,0.7222222222222222,0.07222222222222223,-2.7218618468792357
0.7222222222222222,0.7222222222222222,0.08,-3.11224716906423
0.7222222222222222,0.8,0.01,-2.551592268552512
0.7222222222222222,0.8,0.017777777777777778,-2.586400134964445
0.7222222222222222,0.8,0.025555555555555557,-2.6076286121856618
0.7222222222222222,0.8,0.03333333333333333,-2.285527724500342
0.7222222222222222,0.8,0.04111111111111111,-2.519175044778133
0.7222222222222222,0.8,0.04888888888888889,-2.2216625767840164
0.7222222222222222,0.8,0.05666666666666667,-2.40198182834638
0.7222222222222222,0.8,0.06444444444444444,-2.673231640478163
0.7222222222222222,0.8,0.07222222222222223,-2.346007103304146
0.7222222222222222,0.8,0.08,-2.334423714449654
0.8,0.1,0.01,-2.1530720790882927
0.8,0.1,0.017777777777777778,-2.441196891807102
0.8,0.1,0.025555555555555557,-2.397335062016139
0.8,0.1,0.03333333333333333,-2.478470452576026
0.8,0.1,0.04111111111111111,-2.4947381085444635
0.8,0.1,0.04888888888888889,-2.2216962936324647
0.8,0.1,0.05666666666666667,-2.5293616986906153
0.8,0.1,0.06444444444444444,-2.268335998533613
0.8,0.1,0.07222222222222223,-2.4625003624860478
0.8,0.1,0.08,-2.5298300544550463
0.8,0.17777777777777778,0.01,-2.3028386225219015
0.8,0.17777777777777778,0.017777777777777778,-2.2082272706536803
0.8,0.17777777777777778,0.025555555555555557,-2.3267003450459995
0.8,0.17777777777777778,0.03333333333333333,-2.403359712666667
0.8,0.17777777777777778,0.04111111111111111,-2.7122553854563627
0.8,0.17777777777777778,0.04888888888888889,-2.430041999917157
0.8,0.17777777777777778,0.05666666666666667,-2.38945782065604
0.8,0.17777777777777778,0.06444444444444444,-2.495927923281824
0.8,0.17777777777777778,0.07222222222222223,-2.016528182883142
0.8,0.17777777777777778,0.08,-2.589521212860801
0.8,0.25555555555555554,0.01,-2.5575741344786858
0.8,0.25555555555555554,0.017777777777777778,-2.7753510475764274
0.8,0.25555555555555554,0.025555555555555557,-2.6572099607321427
0.8,0.25555555555555554,0.03333333333333333,-2.437785134790434
0.8,0.25555555555555554,0.04111111111111111,-2.3145906966587724
0.8,0.25555555555555554,0.04888888888888889,-2.1668921131095287
0.8,0.25555555555555554,0.05666666666666667,-2.5376635137633516
0.8,0.25555555555555554,0.06444444444444444,-2.4793490006348273
0.8,0.25555555555555554,0.07222222222222223,-2.488896471945372
0.8,0.25555555555555554,0.08,-2.1418133105207255
0.8,0.33333333333333337,0.01,-2.5399464442973523
0.8,0.33333333333333337,0.017777777777777778,-2.5973666683000474
0.8,0.33333333333333337,0.025555555555555557,-2.3783869484926927
0.8,0.33333333333333337,0.03333333333333333,-2.3407256659818114
0.8,0.33333333333333337,0.04111111111111111,-2.597174927657978
0.8,0.33333333333333337,0.04888888888888889,-2.494396268785387
0.8,0.33333333333333337,0.05666666666666667,-2.544456080900088
0.8,0.33333333333333337,0.06444444444444444,-2.4660121772037633
0.8,0.33333333333333337,0.07222222222222223,-2.1697585102996944
0.8,0.33333333333333337,0.08,-2.339079920946817
0.8,0.4111111111111111,0.01,-2.7083781945566296
0.8,0.4111111111111111,0.017777777777777778,-2.5632886225778044
0.8,0.4111111111111111,0.025555555555555557,-2.047805227542457
0.8,0.4111111111111111,0.03333333333333333,-2.2425055792773727
0.8,0.4111111111111111,0.04111111111111111,-2.2992765068017795
0.8,0.4111111111111111,0.04888888888888889,-2.3229344387778283
0.8,0.4111111111111111,0.05666666666666667,-2.405631367077196
0.8,0.4111111111111111,0.06444444444444444,-2.278994466965563
0.8,0.4111111111111111,0.07222222222222223,-2.5261820144692932
0.8,0.4111111111111111,0.08,-2.692933317043746
0.8,0.48888888888888893,0.01,-2.48485127320344
0.8,0.48888888888888893,0.017777777777777778,-2.690000049621557
0.8,0.48888888888888893,0.025555555555555557,-2.87877377356286
0.8,0.48888888888888893,0.03333333333333333,-2.133737132312306
0.8,0.48888888888888893,0.04111111111111111,-2.6961488728228593
0.8,0.48888888888888893,0.04888888888888889,-2.550384348206729
0.8,0.48888888888888893,0.05666666666666667,-2.6015064979426246
0.8,0.48888888888888893,0.06444444444444444,-2.5728061075356354
0.8,0.48888888888888893,0.07222222222222223,-2.636419076180783
0.8,0.48888888888888893,0.08,-2.521557915022272
0.8,0.5666666666666667,0.01,-2.456281407672007
0.8,0.5666666666666667,0.017777777777777778,-2.627497398764043
0.8,0.5666666666666667,0.025555555555555557,-2.8083082516884503
0.8,0.5666666666666667,0.03333333333333333,-2.3628379738957737
0.8,0.5666666666666667,0.04111111111111111,-2.3112810872177696
0.8,0.5666666666666667,0.04888888888888889,-2.1865876576367547
0.8,0.5666666666666667,0.05666666666666667,-2.7293790089438805
0.8,0.5666666666666667,0.06444444444444444,-2.646954102049631
0.8,0.5666666666666667,0.07222222222222223,-2.5312926575950465
0.8,0.5666666666666667,0.08,-2.483472519302743
0.8,0.6444444444444445,0.01,-2.485427323080555
0.8,0.6444444444444445,0.017777777777777778,-2.6340828270437733
0.8,0.6444444444444445,0.025555555555555557,-1.9688737234887526
0.8,0.6444444444444445,0.03333333333333333,-2.3363432345993624
0.8,0.6444444444444445,0.04111111111111111,-2.2348997657419085
0.8,0.6444444444444445,0.04888888888888889,-2.7219068623061213
0.8,0.6444444444444445,0.05666666666666667,-2.374234916312663
0.8,0.6444444444444445,0.06444444444444444,-2.139370317688775
0.8,0.6444444444444445,0.07222222222222223,-2.2760691009453766
0.8,0.6444444444444445,0.08,-2.3499132216359007
0.8,0.7222222222222222,0.01,-2.7670217360046228
0.8,0.7222222222222222,0.017777777777777778,-2.433606548697432
0.8,0.7222222222222222,0.025555555555555557,-2.4437939557303343
0.8,0.7222222222222222,0.03333333333333333,-2.7276384578416013
0.8,0.7222222222222222,0.04111111111111111,-2.6195076254418708
0.8,0.7222222222222222,0.04888888888888889,-2.6436205697679567
0.8,0.7222222222222222,0.05666666666666667,-2.3156733918938714
0.8,0.7222222222222222,0.06444444444444444,-2.5859756617705676
0.8,0.7222222222222222,0.07222222222222223,-2.476097195332156
0.8,0.7222222222222222,0.08,-2.5915286110752063
0.8,0.8,0.01,-1.856628992867611
0.8,0.8,0.017777777777777778,-2.5729861685425375
0.8,0.8,0.025555555555555557,-2.6264522990026924
0.8,0.8,0.03333333333333333,-2.4020714302894386
0.8,0.8,0.04111111111111111,-2.0705452143066325
0.8,0.8,0.04888888888888889,-2.5592218249406145
0.8,0.8,0.05666666666666667,-2.354581757792402
0.8,0.8,0.06444444444444444,-2.270281042450267
0.8,0.8,0.07222222222222223,-2.5616214164235167
0.8,0.8,0.08,-2.032482933144476
