problem,num_qubits,density,seed,fraction,gs,fes,gap
maxcut,4,0.5,777,0.0,-4.0,-2.0,2.0
maxcut,4,0.5,777,0.1,-3.8534,-2.1299,1.7235
maxcut,4,0.5,777,0.2,-3.7145,-2.2642,1.4503
maxcut,4,0.5,777,0.3,-3.5857,-2.4043,1.1814
maxcut,4,0.5,777,0.4,-3.47,-2.5524,0.9176
maxcut,4,0.5,777,0.5,-3.3726,-2.7119,0.6607
maxcut,4,0.5,777,0.6,-3.3034,-2.8882,0.4152
maxcut,4,0.5,777,0.7,-3.2864,-3.0903,0.1961
maxcut,4,0.5,777,0.8,-3.3798,-3.3325,0.0473
maxcut,4,0.5,777,0.9,-3.635,-3.6324,0.0026
maxcut,4,0.5,777,1.0,-4.0,-3.0,1.0
maxcut,4,0.6,777,0.0,-4.0,-2.0,2.0
maxcut,4,0.6,777,0.1,-3.8534,-2.1299,1.7235
maxcut,4,0.6,777,0.2,-3.7145,-2.2642,1.4503
maxcut,4,0.6,777,0.3,-3.5857,-2.4043,1.1814
maxcut,4,0.6,777,0.4,-3.47,-2.5524,0.9176
maxcut,4,0.6,777,0.5,-3.3726,-2.7119,0.6607
maxcut,4,0.6,777,0.6,-3.3034,-2.8882,0.4152
maxcut,4,0.6,777,0.7,-3.2864,-3.0903,0.1961
maxcut,4,0.6,777,0.8,-3.3798,-3.3325,0.0473
maxcut,4,0.6,777,0.9,-3.635,-3.6324,0.0026
maxcut,4,0.6,777,1.0,-4.0,-3.0,1.0
maxcut,4,0.7,777,0.0,-4.0,-2.0,2.0
maxcut,4,0.7,777,0.1,-3.8534,-2.1299,1.7235
maxcut,4,0.7,777,0.2,-3.7145,-2.2642,1.4503
maxcut,4,0.7,777,0.3,-3.5857,-2.4043,1.1814
maxcut,4,0.7,777,0.4,-3.47,-2.5524,0.9176
maxcut,4,0.7,777,0.5,-3.3726,-2.7119,0.6607
maxcut,4,0.7,777,0.6,-3.3034,-2.8882,0.4152
maxcut,4,0.7,777,0.7,-3.2864,-3.0903,0.1961
maxcut,4,0.7,777,0.8,-3.3798,-3.3325,0.0473
maxcut,4,0.7,777,0.9,-3.635,-3.6324,0.0026
maxcut,4,0.7,777,1.0,-4.0,-3.0,1.0
maxcut,4,0.8,777,0.0,-4.0,-2.0,2.0
maxcut,4,0.8,777,0.1,-3.9039,-2.1507,1.7532
maxcut,4,0.8,777,0.2,-3.8166,-2.3031,1.5135
maxcut,4,0.8,777,0.3,-3.7395,-2.458,1.2815
maxcut,4,0.8,777,0.4,-3.6744,-2.6166,1.0578
maxcut,4,0.8,777,0.5,-3.6237,-2.7808,0.8429
maxcut,4,0.8,777,0.6,-3.5907,-2.9544,0.6363
maxcut,4,0.8,777,0.7,-3.5818,-3.1446,0.4372
maxcut,4,0.8,777,0.8,-3.6113,-3.3657,0.2456
maxcut,4,0.8,777,0.9,-3.719,-3.6424,0.0766
maxcut,4,0.8,777,1.0,-4.0,-3.0,1.0
maxcut,4,0.9,777,0.0,-4.0,-2.0,2.0
maxcut,4,0.9,777,0.1,-3.9039,-2.1507,1.7532
maxcut,4,0.9,777,0.2,-3.8166,-2.3031,1.5135
maxcut,4,0.9,777,0.3,-3.7395,-2.458,1.2815
maxcut,4,0.9,777,0.4,-3.6744,-2.6166,1.0578
maxcut,4,0.9,777,0.5,-3.6237,-2.7808,0.8429
maxcut,4,0.9,777,0.6,-3.5907,-2.9544,0.6363
maxcut,4,0.9,777,0.7,-3.5818,-3.1446,0.4372
maxcut,4,0.9,777,0.8,-3.6113,-3.3657,0.2456
maxcut,4,0.9,777,0.9,-3.719,-3.6424,0.0766
maxcut,4,0.9,777,1.0,-4.0,-3.0,1.0
maxcut,4,1.0,777,0.0,-4.0,-2.0,2.0
maxcut,4,1.0,777,0.1,-3.9039,-2.1507,1.7532
maxcut,4,1.0,777,0.2,-3.8166,-2.3031,1.5135
maxcut,4,1.0,777,0.3,-3.7395,-2.458,1.2815
maxcut,4,1.0,777,0.4,-3.6744,-2.6166,1.0578
maxcut,4,1.0,777,0.5,-3.6237,-2.7808,0.8429
maxcut,4,1.0,777,0.6,-3.5907,-2.9544,0.6363
maxcut,4,1.0,777,0.7,-3.5818,-3.1446,0.4372
maxcut,4,1.0,777,0.8,-3.6113,-3.3657,0.2456
maxcut,4,1.0,777,0.9,-3.719,-3.6424,0.0766
maxcut,4,1.0,777,1.0,-4.0,-3.0,1.0
maxcut,5,0.5,777,0.0,-5.0,-3.0,2.0
maxcut,5,0.5,777,0.1,-4.8041,-3.0794,1.7247
maxcut,5,0.5,777,0.2,-4.6176,-3.1615,1.4561
maxcut,5,0.5,777,0.3,-4.4434,-3.247,1.1964
maxcut,5,0.5,777,0.4,-4.2849,-3.3363,0.9486
maxcut,5,0.5,777,0.5,-4.147,-3.4301,0.7169
maxcut,5,0.5,777,0.6,-4.0359,-3.5292,0.5067
maxcut,5,0.5,777,0.7,-3.9593,-3.6345,0.3248
maxcut,5,0.5,777,0.8,-3.9247,-3.7471,0.1776
maxcut,5,0.5,777,0.9,-3.9378,-3.8684,0.0694
maxcut,5,0.5,777,1.0,-4.0,-2.0,2.0
maxcut,5,0.6,777,0.0,-5.0,-3.0,2.0
maxcut,5,0.6,777,0.1,-4.8041,-3.0794,1.7247
maxcut,5,0.6,777,0.2,-4.6176,-3.1615,1.4561
maxcut,5,0.6,777,0.3,-4.4434,-3.247,1.1964
maxcut,5,0.6,777,0.4,-4.2849,-3.3363,0.9486
maxcut,5,0.6,777,0.5,-4.147,-3.4301,0.7169
maxcut,5,0.6,777,0.6,-4.0359,-3.5292,0.5067
maxcut,5,0.6,777,0.7,-3.9593,-3.6345,0.3248
maxcut,5,0.6,777,0.8,-3.9247,-3.7471,0.1776
maxcut,5,0.6,777,0.9,-3.9378,-3.8684,0.0694
maxcut,5,0.6,777,1.0,-4.0,-2.0,2.0
maxcut,5,0.7,777,0.0,-5.0,-3.0,2.0
maxcut,5,0.7,777,0.1,-4.8547,-3.1337,1.721
maxcut,5,0.7,777,0.2,-4.7203,-3.274,1.4463
maxcut,5,0.7,777,0.3,-4.5997,-3.4227,1.177
maxcut,5,0.7,777,0.4,-4.4973,-3.5822,0.9151
maxcut,5,0.7,777,0.5,-4.4198,-3.7555,0.6643
maxcut,5,0.7,777,0.6,-4.3784,-3.9467,0.4317
maxcut,5,0.7,777,0.7,-4.3926,-4.1609,0.2317
maxcut,5,0.7,777,0.8,-4.4917,-4.4041,0.0876
maxcut,5,0.7,777,0.9,-4.6984,-4.6823,0.0161
maxcut,5,0.7,777,1.0,-5.0,-4.0,1.0
maxcut,5,0.8,777,0.0,-5.0,-3.0,2.0
maxcut,5,0.8,777,0.1,-4.9053,-3.2041,1.7012
maxcut,5,0.8,777,0.2,-4.823,-3.4176,1.4054
maxcut,5,0.8,777,0.3,-4.7564,-3.6432,1.1132
maxcut,5,0.8,777,0.4,-4.7112,-3.8842,0.827
maxcut,5,0.8,777,0.5,-4.6976,-4.145,0.5526
maxcut,5,0.8,777,0.6,-4.7367,-4.4314,0.3053
maxcut,5,0.8,777,0.7,-4.8688,-4.7511,0.1177
maxcut,5,0.8,777,0.8,-5.1373,-5.1134,0.0239
maxcut,5,0.8,777,0.9,-5.5293,-5.528,0.0013
maxcut,5,0.8,777,1.0,-6.0,-5.0,1.0
maxcut,5,0.9,777,0.0,-5.0,-3.0,2.0
maxcut,5,0.9,777,0.1,-4.9053,-3.2041,1.7012
maxcut,5,0.9,777,0.2,-4.823,-3.4176,1.4054
maxcut,5,0.9,777,0.3,-4.7564,-3.6432,1.1132
maxcut,5,0.9,777,0.4,-4.7112,-3.8842,0.827
maxcut,5,0.9,777,0.5,-4.6976,-4.145,0.5526
maxcut,5,0.9,777,0.6,-4.7367,-4.4314,0.3053
maxcut,5,0.9,777,0.7,-4.8688,-4.7511,0.1177
maxcut,5,0.9,777,0.8,-5.1373,-5.1134,0.0239
maxcut,5,0.9,777,0.9,-5.5293,-5.528,0.0013
maxcut,5,0.9,777,1.0,-6.0,-5.0,1.0
maxcut,5,1.0,777,0.0,-5.0,-3.0,2.0
maxcut,5,1.0,777,0.1,-5.0064,-3.252,1.7544
maxcut,5,1.0,777,0.2,-5.0263,-3.5088,1.5175
maxcut,5,1.0,777,0.3,-5.0609,-3.7716,1.2893
maxcut,5,1.0,777,0.4,-5.1116,-4.0422,1.0694
maxcut,5,1.0,777,0.5,-5.1805,-4.3229,0.8576
maxcut,5,1.0,777,0.6,-5.2708,-4.6166,0.6542
maxcut,5,1.0,777,0.7,-5.3875,-4.9269,0.4606
maxcut,5,1.0,777,0.8,-5.539,-5.2583,0.2807
maxcut,5,1.0,777,0.9,-5.7376,-5.6149,0.1227
maxcut,5,1.0,777,1.0,-6.0,-4.0,2.0
maxcut,6,0.5,777,0.0,-6.0,-4.0,2.0
maxcut,6,0.5,777,0.1,-5.7548,-4.0531,1.7017
maxcut,6,0.5,777,0.2,-5.5208,-4.1134,1.4074
maxcut,6,0.5,777,0.3,-5.302,-4.1835,1.1185
maxcut,6,0.5,777,0.4,-5.1042,-4.2675,0.8367
maxcut,6,0.5,777,0.5,-4.938,-4.3724,0.5656
maxcut,6,0.5,777,0.6,-4.8251,-4.5118,0.3133
maxcut,6,0.5,777,0.7,-4.8185,-4.7117,0.1068
maxcut,6,0.5,777,0.8,-5.0249,-5.0139,0.011
maxcut,6,0.5,777,0.9,-5.4483,-5.4482,0.0001
maxcut,6,0.5,777,1.0,-6.0,-5.0,1.0
maxcut,6,0.6,777,0.0,-6.0,-4.0,2.0
maxcut,6,0.6,777,0.1,-5.7548,-4.0531,1.7017
maxcut,6,0.6,777,0.2,-5.5208,-4.1134,1.4074
maxcut,6,0.6,777,0.3,-5.302,-4.1835,1.1185
maxcut,6,0.6,777,0.4,-5.1042,-4.2675,0.8367
maxcut,6,0.6,777,0.5,-4.938,-4.3724,0.5656
maxcut,6,0.6,777,0.6,-4.8251,-4.5118,0.3133
maxcut,6,0.6,777,0.7,-4.8185,-4.7117,0.1068
maxcut,6,0.6,777,0.8,-5.0249,-5.0139,0.011
maxcut,6,0.6,777,0.9,-5.4483,-5.4482,0.0001
maxcut,6,0.6,777,1.0,-6.0,-5.0,1.0
maxcut,6,0.7,777,0.0,-6.0,-4.0,2.0
maxcut,6,0.7,777,0.1,-5.856,-4.1446,1.7114
maxcut,6,0.7,777,0.2,-5.726,-4.2993,1.4267
maxcut,6,0.7,777,0.3,-5.6138,-4.4671,1.1467
maxcut,6,0.7,777,0.4,-5.5248,-4.6524,0.8724
maxcut,6,0.7,777,0.5,-5.4683,-4.8624,0.6059
maxcut,6,0.7,777,0.6,-5.461,-5.1087,0.3523
maxcut,6,0.7,777,0.7,-5.5455,-5.4137,0.1318
maxcut,6,0.7,777,0.8,-5.8306,-5.8156,0.015
maxcut,6,0.7,777,0.9,-6.3485,-6.3483,0.0002
maxcut,6,0.7,777,1.0,-7.0,-6.0,1.0
maxcut,6,0.8,777,0.0,-6.0,-4.0,2.0
maxcut,6,0.8,777,0.1,-5.9067,-4.2145,1.6922
maxcut,6,0.8,777,0.2,-5.8288,-4.4422,1.3866
maxcut,6,0.8,777,0.3,-5.7709,-4.6874,1.0835
maxcut,6,0.8,777,0.4,-5.7405,-4.9563,0.7842
maxcut,6,0.8,777,0.5,-5.7532,-5.2589,0.4943
maxcut,6,0.8,777,0.6,-5.8451,-5.6119,0.2332
maxcut,6,0.8,777,0.7,-6.0996,-6.042,0.0576
maxcut,6,0.8,777,0.8,-6.5858,-6.5813,0.0045
maxcut,6,0.8,777,0.9,-7.2408,-7.2407,0.0001
maxcut,6,0.8,777,1.0,-8.0,-7.0,1.0
maxcut,6,0.9,777,0.0,-6.0,-4.0,2.0
maxcut,6,0.9,777,0.1,-5.9573,-4.2811,1.6762
maxcut,6,0.9,777,0.2,-5.9316,-4.5789,1.3527
maxcut,6,0.9,777,0.3,-5.9283,-4.8989,1.0294
maxcut,6,0.9,777,0.4,-5.9581,-5.2499,0.7082
maxcut,6,0.9,777,0.5,-6.0464,-5.6463,0.4001
maxcut,6,0.9,777,0.6,-6.2586,-6.1105,0.1481
maxcut,6,0.9,777,0.7,-6.6973,-6.6718,0.0255
maxcut,6,0.9,777,0.8,-7.3506,-7.349,0.0016
maxcut,6,0.9,777,0.9,-8.1333,-7.2278,0.9055
maxcut,6,0.9,777,1.0,-9.0,-8.0,1.0
maxcut,6,1.0,777,0.0,-6.0,-4.0,2.0
maxcut,6,1.0,777,0.1,-6.1594,-4.4039,1.7555
maxcut,6,1.0,777,0.2,-6.3376,-4.8166,1.521
maxcut,6,1.0,777,0.3,-6.5351,-5.2395,1.2956
maxcut,6,1.0,777,0.4,-6.7527,-5.6744,1.0783
maxcut,6,1.0,777,0.5,-6.9921,-6.1237,0.8684
maxcut,6,1.0,777,0.6,-7.2564,-6.5907,0.6657
maxcut,6,1.0,777,0.7,-7.5517,-7.0818,0.4699
maxcut,6,1.0,777,0.8,-7.8916,-7.6113,0.2803
maxcut,6,1.0,777,0.9,-8.3195,-8.219,0.1005
maxcut,6,1.0,777,1.0,-9.0,-8.0,1.0
maxcut,7,0.5,777,0.0,-7.0,-5.0,2.0
maxcut,7,0.5,777,0.1,-6.8067,-5.1047,1.702
maxcut,7,0.5,777,0.2,-6.6292,-5.2203,1.4089
maxcut,7,0.5,777,0.3,-6.4719,-5.3504,1.1215
maxcut,7,0.5,777,0.4,-6.3419,-5.5002,0.8417
maxcut,7,0.5,777,0.5,-6.2511,-5.6786,0.5725
maxcut,7,0.5,777,0.6,-6.2222,-5.9024,0.3198
maxcut,7,0.5,777,0.7,-6.3111,-6.2052,0.1059
maxcut,7,0.5,777,0.8,-6.6524,-6.6447,0.0077
maxcut,7,0.5,777,0.9,-7.254,-6.5764,0.6776
maxcut,7,0.5,777,1.0,-8.0,-7.0,1.0
maxcut,7,0.6,777,0.0,-7.0,-5.0,2.0
maxcut,7,0.6,777,0.1,-6.8067,-5.1047,1.702
maxcut,7,0.6,777,0.2,-6.6292,-5.2203,1.4089
maxcut,7,0.6,777,0.3,-6.4719,-5.3504,1.1215
maxcut,7,0.6,777,0.4,-6.3419,-5.5002,0.8417
maxcut,7,0.6,777,0.5,-6.2511,-5.6786,0.5725
maxcut,7,0.6,777,0.6,-6.2222,-5.9024,0.3198
maxcut,7,0.6,777,0.7,-6.3111,-6.2052,0.1059
maxcut,7,0.6,777,0.8,-6.6524,-6.6447,0.0077
maxcut,7,0.6,777,0.9,-7.254,-6.5764,0.6776
maxcut,7,0.6,777,1.0,-8.0,-7.0,1.0
maxcut,7,0.7,777,0.0,-7.0,-5.0,2.0
maxcut,7,0.7,777,0.1,-6.9585,-5.2487,1.7098
maxcut,7,0.7,777,0.2,-6.9362,-5.5103,1.4259
maxcut,7,0.7,777,0.3,-6.9369,-5.7878,1.1491
maxcut,7,0.7,777,0.4,-6.9667,-6.0852,0.8815
maxcut,7,0.7,777,0.5,-7.0352,-6.4086,0.6266
maxcut,7,0.7,777,0.6,-7.1585,-6.7671,0.3914
maxcut,7,0.7,777,0.7,-7.367,-7.1761,0.1909
maxcut,7,0.7,777,0.8,-7.7167,-7.6614,0.0553
maxcut,7,0.7,777,0.9,-8.2669,-8.2616,0.0053
maxcut,7,0.7,777,1.0,-9.0,-8.0,1.0
maxcut,7,0.8,777,0.0,-7.0,-5.0,2.0
maxcut,7,0.8,777,0.1,-7.0597,-5.3649,1.6948
maxcut,7,0.8,777,0.2,-7.1403,-5.7465,1.3938
maxcut,7,0.8,777,0.3,-7.2454,-6.1492,1.0962
maxcut,7,0.8,777,0.4,-7.3813,-6.5796,0.8017
maxcut,7,0.8,777,0.5,-7.5612,-7.0493,0.5119
maxcut,7,0.8,777,0.6,-7.8203,-7.5796,0.2407
maxcut,7,0.8,777,0.7,-8.2619,-8.2114,0.0505
maxcut,7,0.8,777,0.8,-9.0004,-8.9981,0.0023
maxcut,7,0.8,777,0.9,-9.943,-9.1697,0.7733
maxcut,7,0.8,777,1.0,-11.0,-10.0,1.0
maxcut,7,0.9,777,0.0,-7.0,-5.0,2.0
maxcut,7,0.9,777,0.1,-7.1103,-5.4074,1.7029
maxcut,7,0.9,777,0.2,-7.2426,-5.8312,1.4114
maxcut,7,0.9,777,0.3,-7.4001,-6.275,1.1251
maxcut,7,0.9,777,0.4,-7.5884,-6.7435,0.8449
maxcut,7,0.9,777,0.5,-7.8181,-7.2443,0.5738
maxcut,7,0.9,777,0.6,-8.111,-7.7895,0.3215
maxcut,7,0.9,777,0.7,-8.5176,-8.4003,0.1173
maxcut,7,0.9,777,0.8,-9.1299,-9.1134,0.0165
maxcut,7,0.9,777,0.9,-9.9751,-9.9747,0.0004
maxcut,7,0.9,777,1.0,-11.0,-10.0,1.0
maxcut,7,1.0,777,0.0,-7.0,-5.0,2.0
maxcut,7,1.0,777,0.1,-7.3628,-5.6064,1.7564
maxcut,7,1.0,777,0.2,-7.7503,-6.2263,1.524
maxcut,7,1.0,777,0.3,-8.1617,-6.8609,1.3008
maxcut,7,1.0,777,0.4,-8.597,-7.5116,1.0854
maxcut,7,1.0,777,0.5,-9.0575,-8.1805,0.877
maxcut,7,1.0,777,0.6,-9.5461,-8.8708,0.6753
maxcut,7,1.0,777,0.7,-10.0684,-9.5875,0.4809
maxcut,7,1.0,777,0.8,-10.6351,-10.339,0.2961
maxcut,7,1.0,777,0.9,-11.2668,-11.1376,0.1292
maxcut,7,1.0,777,1.0,-12.0,-10.0,2.0
maxcut,8,0.5,777,0.0,-8.0,-6.0,2.0
maxcut,8,0.5,777,0.1,-7.808,-6.106,1.702
maxcut,8,0.5,777,0.2,-7.6345,-6.226,1.4085
maxcut,8,0.5,777,0.3,-7.4845,-6.3641,1.1204
maxcut,8,0.5,777,0.4,-7.366,-6.5262,0.8398
maxcut,8,0.5,777,0.5,-7.293,-6.7219,0.5711
maxcut,8,0.5,777,0.6,-7.2921,-6.9671,0.325
maxcut,8,0.5,777,0.7,-7.4167,-7.288,0.1287
maxcut,8,0.5,777,0.8,-7.7454,-7.7217,0.0237
maxcut,8,0.5,777,0.9,-8.2966,-8.2957,0.0009
maxcut,8,0.5,777,1.0,-9.0,-8.0,1.0
maxcut,8,0.6,777,0.0,-8.0,-6.0,2.0
maxcut,8,0.6,777,0.1,-7.9094,-6.2185,1.6909
maxcut,8,0.6,777,0.2,-7.8403,-6.454,1.3863
maxcut,8,0.6,777,0.3,-7.7991,-6.7107,1.0884
maxcut,8,0.6,777,0.4,-7.7956,-6.9944,0.8012
maxcut,8,0.6,777,0.5,-7.8465,-7.3131,0.5334
maxcut,8,0.6,777,0.6,-7.9806,-7.678,0.3026
maxcut,8,0.6,777,0.7,-8.2391,-8.1052,0.1339
maxcut,8,0.6,777,0.8,-8.6587,-8.6182,0.0405
maxcut,8,0.6,777,0.9,-9.2527,-9.2479,0.0048
maxcut,8,0.6,777,1.0,-10.0,-9.0,1.0
maxcut,8,0.7,777,0.0,-8.0,-6.0,2.0
maxcut,8,0.7,777,0.1,-8.1116,-6.4195,1.6921
maxcut,8,0.7,777,0.2,-8.2485,-6.8596,1.3889
maxcut,8,0.7,777,0.3,-8.415,-7.3254,1.0896
maxcut,8,0.7,777,0.4,-8.6195,-7.8246,0.7949
maxcut,8,0.7,777,0.5,-8.8782,-8.3706,0.5076
maxcut,8,0.7,777,0.6,-9.2289,-8.9871,0.2418
maxcut,8,0.7,777,0.7,-9.7721,-9.721,0.0511
maxcut,8,0.7,777,0.8,-10.642,-10.6402,0.0018
maxcut,8,0.7,777,0.9,-11.7522,-11.0039,0.7483
maxcut,8,0.7,777,1.0,-13.0,-12.0,1.0
maxcut,8,0.8,777,0.0,-8.0,-6.0,2.0
maxcut,8,0.8,777,0.1,-8.2127,-6.5093,1.7034
maxcut,8,0.8,777,0.2,-8.4521,-7.0391,1.413
maxcut,8,0.8,777,0.3,-8.7215,-7.5925,1.129
maxcut,8,0.8,777,0.4,-9.0269,-8.1747,0.8522
maxcut,8,0.8,777,0.5,-9.3796,-8.7937,0.5859
maxcut,8,0.8,777,0.6,-9.8023,-9.4621,0.3402
maxcut,8,0.8,777,0.7,-10.3407,-10.1994,0.1413
maxcut,8,0.8,777,0.8,-11.0612,-11.0288,0.0324
maxcut,8,0.8,777,0.9,-11.9678,-11.9644,0.0034
maxcut,8,0.8,777,1.0,-13.0,-12.0,1.0
maxcut,8,0.9,777,0.0,-8.0,-6.0,2.0
maxcut,8,0.9,777,0.1,-8.3644,-6.6694,1.695
maxcut,8,0.9,777,0.2,-8.758,-7.3623,1.3957
maxcut,8,0.9,777,0.3,-9.1831,-8.0817,1.1014
maxcut,8,0.9,777,0.4,-9.6453,-8.8331,0.8122
maxcut,8,0.9,777,0.5,-10.1568,-9.6257,0.5311
maxcut,8,0.9,777,0.6,-10.7461,-10.4762,0.2699
maxcut,8,0.9,777,0.7,-11.4883,-11.4146,0.0737
maxcut,8,0.9,777,0.8,-12.4863,-12.4805,0.0058
maxcut,8,0.9,777,0.9,-13.6856,-13.6855,0.0001
maxcut,8,0.9,777,1.0,-15.0,-14.0,1.0
maxcut,8,1.0,777,0.0,-8.0,-6.0,2.0
maxcut,8,1.0,777,0.1,-8.6167,-6.8594,1.7573
maxcut,8,1.0,777,0.2,-9.2643,-7.7376,1.5267
maxcut,8,1.0,777,0.3,-9.9405,-8.6351,1.3054
maxcut,8,1.0,777,0.4,-10.6442,-9.5527,1.0915
maxcut,8,1.0,777,0.5,-11.3762,-10.4921,0.8841
maxcut,8,1.0,777,0.6,-12.1393,-11.4564,0.6829
maxcut,8,1.0,777,0.7,-12.9394,-12.4517,0.4877
maxcut,8,1.0,777,0.8,-13.7903,-13.4916,0.2987
maxcut,8,1.0,777,0.9,-14.7361,-14.6195,0.1166
maxcut,8,1.0,777,1.0,-16.0,-15.0,1.0
maxcut,9,0.5,777,0.0,-9.0,-7.0,2.0
maxcut,9,0.5,777,0.1,-8.8602,-7.1881,1.6721
maxcut,9,0.5,777,0.2,-8.7445,-7.3988,1.3457
maxcut,9,0.5,777,0.3,-8.6617,-7.6393,1.0224
maxcut,9,0.5,777,0.4,-8.6265,-7.9216,0.7049
maxcut,9,0.5,777,0.5,-8.6681,-8.2649,0.4032
maxcut,9,0.5,777,0.6,-8.8519,-8.7012,0.1507
maxcut,9,0.5,777,0.7,-9.2995,-9.2784,0.0211
maxcut,9,0.5,777,0.8,-10.0336,-10.033,0.0006
maxcut,9,0.5,777,0.9,-10.9525,-10.7527,0.1998
maxcut,9,0.5,777,1.0,-12.0,-11.0,1.0
maxcut,9,0.6,777,0.0,-9.0,-7.0,2.0
maxcut,9,0.6,777,0.1,-9.1133,-7.4556,1.6577
maxcut,9,0.6,777,0.2,-9.2573,-7.9414,1.3159
maxcut,9,0.6,777,0.3,-9.4421,-8.4667,0.9754
maxcut,9,0.6,777,0.4,-9.6871,-9.046,0.6411
maxcut,9,0.6,777,0.5,-10.0349,-9.7013,0.3336
maxcut,9,0.6,777,0.6,-10.572,-10.4632,0.1088
maxcut,9,0.6,777,0.7,-11.3817,-11.3649,0.0168
maxcut,9,0.6,777,0.8,-12.429,-12.4281,0.0009
maxcut,9,0.6,777,0.9,-13.65,-13.5566,0.0934
maxcut,9,0.6,777,1.0,-15.0,-14.0,1.0
maxcut,9,0.7,777,0.0,-9.0,-7.0,2.0
maxcut,9,0.7,777,0.1,-9.3661,-7.7154,1.6507
maxcut,9,0.7,777,0.2,-9.7676,-8.4656,1.302
maxcut,9,0.7,777,0.3,-10.2128,-9.2594,0.9534
maxcut,9,0.7,777,0.4,-10.7204,-10.1109,0.6095
maxcut,9,0.7,777,0.5,-11.3369,-11.0426,0.2943
maxcut,9,0.7,777,0.6,-12.1672,-12.0873,0.0799
maxcut,9,0.7,777,0.7,-13.2936,-13.284,0.0096
maxcut,9,0.7,777,0.8,-14.6695,-14.6691,0.0004
maxcut,9,0.7,777,0.9,-16.2558,-16.2464,0.0094
maxcut,9,0.7,777,1.0,-18.0,-17.0,1.0
maxcut,9,0.8,777,0.0,-9.0,-7.0,2.0
maxcut,9,0.8,777,0.1,-9.5176,-7.842,1.6756
maxcut,9,0.8,777,0.2,-10.0714,-8.7149,1.3565
maxcut,9,0.8,777,0.3,-10.6658,-9.6236,1.0422
maxcut,9,0.8,777,0.4,-11.3105,-10.577,0.7335
maxcut,9,0.8,777,0.5,-12.027,-11.5916,0.4354
maxcut,9,0.8,777,0.6,-12.8708,-12.6996,0.1712
maxcut,9,0.8,777,0.7,-13.9848,-13.9626,0.0222
maxcut,9,0.8,777,0.8,-15.4535,-15.4531,0.0004
maxcut,9,0.8,777,0.9,-17.155,-16.3882,0.7668
maxcut,9,0.8,777,1.0,-19.0,-18.0,1.0
maxcut,9,0.9,777,0.0,-9.0,-7.0,2.0
maxcut,9,0.9,777,0.1,-9.669,-7.9908,1.6782
maxcut,9,0.9,777,0.2,-10.3756,-9.0134,1.3622
maxcut,9,0.9,777,0.3,-11.1219,-10.0714,1.0505
maxcut,9,0.9,777,0.4,-11.9154,-11.1719,0.7435
maxcut,9,0.9,777,0.5,-12.7747,-12.3292,0.4455
maxcut,9,0.9,777,0.6,-13.751,-13.5709,0.1801
maxcut,9,0.9,777,0.7,-14.9716,-14.9438,0.0278
maxcut,9,0.9,777,0.8,-16.4893,-16.4883,0.001
maxcut,9,0.9,777,0.9,-18.1877,-18.0434,0.1443
maxcut,9,0.9,777,1.0,-20.0,-19.0,1.0
maxcut,9,1.0,777,0.0,-9.0,-7.0,2.0
maxcut,9,1.0,777,0.1,-9.921,-8.1628,1.7582
maxcut,9,1.0,777,0.2,-10.8795,-9.3503,1.5292
maxcut,9,1.0,777,0.3,-11.871,-10.5617,1.3093
maxcut,9,1.0,777,0.4,-12.8937,-11.797,1.0967
maxcut,9,1.0,777,0.5,-13.9476,-13.0575,0.8901
maxcut,9,1.0,777,0.6,-15.0353,-14.3461,0.6892
maxcut,9,1.0,777,0.7,-16.1627,-15.6684,0.4943
maxcut,9,1.0,777,0.8,-17.3423,-17.0351,0.3072
maxcut,9,1.0,777,0.9,-18.6014,-18.4668,0.1346
maxcut,9,1.0,777,1.0,-20.0,-18.0,2.0
maxcut,10,0.5,777,0.0,-10.0,-8.0,2.0
maxcut,10,0.5,777,0.1,-10.0641,-8.3885,1.6756
maxcut,10,0.5,777,0.2,-10.1608,-8.8057,1.3551
maxcut,10,0.5,777,0.3,-10.3001,-9.2596,1.0405
maxcut,10,0.5,777,0.4,-10.4976,-9.7622,0.7354
maxcut,10,0.5,777,0.5,-10.7815,-10.3313,0.4502
maxcut,10,0.5,777,0.6,-11.2026,-10.9927,0.2099
maxcut,10,0.5,777,0.7,-11.8368,-11.7781,0.0587
maxcut,10,0.5,777,0.8,-12.7199,-12.713,0.0069
maxcut,10,0.5,777,0.9,-13.7967,-13.7965,0.0002
maxcut,10,0.5,777,1.0,-15.0,-14.0,1.0
maxcut,10,0.6,777,0.0,-10.0,-8.0,2.0
maxcut,10,0.6,777,0.1,-10.4181,-8.7564,1.6617
maxcut,10,0.6,777,0.2,-10.8762,-9.549,1.3272
maxcut,10,0.6,777,0.3,-11.3831,-10.386,0.9971
maxcut,10,0.6,777,0.4,-11.9553,-11.2798,0.6755
maxcut,10,0.6,777,0.5,-12.6252,-12.249,0.3762
maxcut,10,0.6,777,0.6,-13.4593,-13.3206,0.1387
maxcut,10,0.6,777,0.7,-14.5506,-14.5275,0.0231
maxcut,10,0.6,777,0.8,-15.8909,-15.8897,0.0012
maxcut,10,0.6,777,0.9,-17.3916,-17.2684,0.1232
maxcut,10,0.6,777,1.0,-19.0,-18.0,1.0
maxcut,10,0.7,777,0.0,-10.0,-8.0,2.0
maxcut,10,0.7,777,0.1,-10.6707,-8.9949,1.6758
maxcut,10,0.7,777,0.2,-11.3844,-10.0264,1.358
maxcut,10,0.7,777,0.3,-12.1467,-11.0997,1.047
maxcut,10,0.7,777,0.4,-12.969,-12.2248,0.7442
maxcut,10,0.7,777,0.5,-13.8737,-13.4188,0.4549
maxcut,10,0.7,777,0.6,-14.9091,-14.7138,0.1953
maxcut,10,0.7,777,0.7,-16.2012,-16.1723,0.0289
maxcut,10,0.7,777,0.8,-17.8882,-17.8878,0.0004
maxcut,10,0.7,777,0.9,-19.861,-19.1655,0.6955
maxcut,10,0.7,777,1.0,-22.0,-21.0,1.0
maxcut,10,0.8,777,0.0,-10.0,-8.0,2.0
maxcut,10,0.8,777,0.1,-10.8222,-9.1393,1.6829
maxcut,10,0.8,777,0.2,-11.6888,-10.3145,1.3743
maxcut,10,0.8,777,0.3,-12.6038,-11.5287,1.0751
maxcut,10,0.8,777,0.4,-13.5775,-12.7882,0.7893
maxcut,10,0.8,777,0.5,-14.6304,-14.1086,0.5218
maxcut,10,0.8,777,0.6,-15.7991,-15.5077,0.2914
maxcut,10,0.8,777,0.7,-17.1369,-17.0207,0.1162
maxcut,10,0.8,777,0.8,-18.7476,-18.7374,0.0102
maxcut,10,0.8,777,0.9,-20.7662,-20.764,0.0022
maxcut,10,0.8,777,1.0,-23.0,-22.0,1.0
maxcut,10,0.9,777,0.0,-10.0,-8.0,2.0
maxcut,10,0.9,777,0.1,-10.9735,-9.2945,1.679
maxcut,10,0.9,777,0.2,-11.9925,-10.6272,1.3653
maxcut,10,0.9,777,0.3,-13.0587,-12.0011,1.0576
maxcut,10,0.9,777,0.4,-14.1801,-13.424,0.7561
maxcut,10,0.9,777,0.5,-15.3768,-14.9118,0.465
maxcut,10,0.9,777,0.6,-16.6976,-16.4965,0.2011
maxcut,10,0.9,777,0.7,-18.2747,-18.2451,0.0296
maxcut,10,0.9,777,0.8,-20.269,-20.2687,0.0003
maxcut,10,0.9,777,0.9,-22.5564,-21.8852,0.6712
maxcut,10,0.9,777,1.0,-25.0,-24.0,1.0
maxcut,10,1.0,777,0.0,-10.0,-8.0,2.0
maxcut,10,1.0,777,0.1,-11.2757,-9.5167,1.759
maxcut,10,1.0,777,0.2,-12.5957,-11.0643,1.5314
maxcut,10,1.0,777,0.3,-13.9532,-12.6405,1.3127
maxcut,10,1.0,777,0.4,-15.3453,-14.2442,1.1011
maxcut,10,1.0,777,0.5,-16.7714,-15.8762,0.8952
maxcut,10,1.0,777,0.6,-18.2339,-17.5393,0.6946
maxcut,10,1.0,777,0.7,-19.7389,-19.2394,0.4995
maxcut,10,1.0,777,0.8,-21.3006,-20.9903,0.3103
maxcut,10,1.0,777,0.9,-22.9636,-22.8361,0.1275
maxcut,10,1.0,777,1.0,-25.0,-24.0,1.0
maxcut,11,0.5,777,0.0,-11.0,-9.0,2.0
maxcut,11,0.5,777,0.1,-11.1163,-9.4791,1.6372
maxcut,11,0.5,777,0.2,-11.2723,-10.0012,1.2711
maxcut,11,0.5,777,0.3,-11.4856,-10.5848,0.9008
maxcut,11,0.5,777,0.4,-11.7946,-11.2632,0.5314
maxcut,11,0.5,777,0.5,-12.2958,-12.0982,0.1976
maxcut,11,0.5,777,0.6,-13.2084,-13.1869,0.0215
maxcut,11,0.5,777,0.7,-14.5846,-14.5841,0.0005
maxcut,11,0.5,777,0.8,-16.2302,-15.3693,0.8609
maxcut,11,0.5,777,0.9,-18.0516,-17.1359,0.9157
maxcut,11,0.5,777,1.0,-20.0,-19.0,1.0
maxcut,11,0.6,777,0.0,-11.0,-9.0,2.0
maxcut,11,0.6,777,0.1,-11.5207,-9.8502,1.6705
maxcut,11,0.6,777,0.2,-12.087,-10.7406,1.3464
maxcut,11,0.6,777,0.3,-12.7094,-11.6801,1.0293
maxcut,11,0.6,777,0.4,-13.4074,-12.6826,0.7248
maxcut,11,0.6,777,0.5,-14.2157,-13.7702,0.4455
maxcut,11,0.6,777,0.6,-15.1917,-14.9788,0.2129
maxcut,11,0.6,777,0.7,-16.4192,-16.3655,0.0537
maxcut,11,0.6,777,0.8,-18.0013,-17.9992,0.0021
maxcut,11,0.6,777,0.9,-19.8917,-19.8677,0.024
maxcut,11,0.6,777,1.0,-22.0,-21.0,1.0
maxcut,11,0.7,777,0.0,-11.0,-9.0,2.0
maxcut,11,0.7,777,0.1,-11.7732,-10.1193,1.6539
maxcut,11,0.7,777,0.2,-12.5951,-11.2838,1.3113
maxcut,11,0.7,777,0.3,-13.4738,-12.5019,0.9719
maxcut,11,0.7,777,0.4,-14.4287,-13.7888,0.6399
maxcut,11,0.7,777,0.5,-15.5039,-15.1712,0.3327
maxcut,11,0.7,777,0.6,-16.7971,-16.6973,0.0998
maxcut,11,0.7,777,0.7,-18.4528,-18.4449,0.0079
maxcut,11,0.7,777,0.8,-20.451,-20.4509,0.0001
maxcut,11,0.7,777,0.9,-22.656,-22.4571,0.1989
maxcut,11,0.7,777,1.0,-25.0,-24.0,1.0
maxcut,11,0.8,777,0.0,-11.0,-9.0,2.0
maxcut,11,0.8,777,0.1,-11.9754,-10.3314,1.644
maxcut,11,0.8,777,0.2,-13.0026,-11.7127,1.2899
maxcut,11,0.8,777,0.3,-14.0894,-13.1532,0.9362
maxcut,11,0.8,777,0.4,-15.2575,-14.6724,0.5851
maxcut,11,0.8,777,0.5,-16.5655,-16.3112,0.2543
maxcut,11,0.8,777,0.6,-18.1908,-18.1522,0.0386
maxcut,11,0.8,777,0.7,-20.2828,-20.2817,0.0011
maxcut,11,0.8,777,0.8,-22.6746,-21.8176,0.857
maxcut,11,0.8,777,0.9,-25.2625,-24.3489,0.9136
maxcut,11,0.8,777,1.0,-28.0,-27.0,1.0
maxcut,11,0.9,777,0.0,-11.0,-9.0,2.0
maxcut,11,0.9,777,0.1,-12.2275,-10.5559,1.6716
maxcut,11,0.9,777,0.2,-13.5076,-12.1572,1.3504
maxcut,11,0.9,777,0.3,-14.842,-13.8065,1.0355
maxcut,11,0.9,777,0.4,-16.2401,-15.5118,0.7283
maxcut,11,0.9,777,0.5,-17.7251,-17.2888,0.4363
maxcut,11,0.9,777,0.6,-19.3504,-19.1684,0.182
maxcut,11,0.9,777,0.7,-21.2423,-21.2157,0.0266
maxcut,11,0.9,777,0.8,-23.5475,-23.5472,0.0003
maxcut,11,0.9,777,0.9,-26.175,-25.4676,0.7074
maxcut,11,0.9,777,1.0,-29.0,-28.0,1.0
maxcut,11,1.0,777,0.0,-11.0,-9.0,2.0
maxcut,11,1.0,777,0.1,-12.6808,-10.921,1.7598
maxcut,11,1.0,777,0.2,-14.4128,-12.8795,1.5333
maxcut,11,1.0,777,0.3,-16.1869,-14.871,1.3159
maxcut,11,1.0,777,0.4,-17.9987,-16.8937,1.105
maxcut,11,1.0,777,0.5,-19.8472,-18.9476,0.8996
maxcut,11,1.0,777,0.6,-21.7346,-21.0353,0.6993
maxcut,11,1.0,777,0.7,-23.6669,-23.1627,0.5042
maxcut,11,1.0,777,0.8,-25.658,-25.3423,0.3157
maxcut,11,1.0,777,0.9,-27.7407,-27.6014,0.1393
maxcut,11,1.0,777,1.0,-30.0,-28.0,2.0
maxcut,12,0.5,777,0.0,-12.0,-10.0,2.0
maxcut,12,0.5,777,0.1,-12.2692,-10.6249,1.6443
maxcut,12,0.5,777,0.2,-12.583,-11.2934,1.2896
maxcut,12,0.5,777,0.3,-12.9556,-12.0188,0.9368
maxcut,12,0.5,777,0.4,-13.414,-12.8221,0.5919
maxcut,12,0.5,777,0.5,-14.015,-13.7362,0.2788
maxcut,12,0.5,777,0.6,-14.875,-14.8061,0.0689
maxcut,12,0.5,777,0.7,-16.0787,-16.0723,0.0064
maxcut,12,0.5,777,0.8,-17.5434,-17.5432,0.0002
maxcut,12,0.5,777,0.9,-19.1986,-19.103,0.0956
maxcut,12,0.5,777,1.0,-21.0,-20.0,1.0
maxcut,12,0.6,777,0.0,-12.0,-10.0,2.0
maxcut,12,0.6,777,0.1,-12.7244,-11.0763,1.6481
maxcut,12,0.6,777,0.2,-13.502,-12.2035,1.2985
maxcut,12,0.6,777,0.3,-14.3457,-13.3943,0.9514
maxcut,12,0.6,777,0.4,-15.2822,-14.6717,0.6105
maxcut,12,0.6,777,0.5,-16.3703,-16.0792,0.2911
maxcut,12,0.6,777,0.6,-17.7564,-17.6982,0.0582
maxcut,12,0.6,777,0.7,-19.6335,-19.6317,0.0018
maxcut,12,0.6,777,0.8,-21.8834,-21.3065,0.5769
maxcut,12,0.6,777,0.9,-24.3629,-23.5927,0.7702
maxcut,12,0.6,777,1.0,-27.0,-26.0,1.0
maxcut,12,0.7,777,0.0,-12.0,-10.0,2.0
maxcut,12,0.7,777,0.1,-13.1284,-11.4676,1.6608
maxcut,12,0.7,777,0.2,-14.3148,-12.9875,1.3273
maxcut,12,0.7,777,0.3,-15.5662,-14.5669,0.9993
maxcut,12,0.7,777,0.4,-16.8995,-16.2208,0.6787
maxcut,12,0.7,777,0.5,-18.3508,-17.9774,0.3734
maxcut,12,0.7,777,0.6,-20.0107,-19.8931,0.1176
maxcut,12,0.7,777,0.7,-22.0732,-22.0651,0.0081
maxcut,12,0.7,777,0.8,-24.5295,-24.5294,0.0001
maxcut,12,0.7,777,0.9,-27.1967,-27.0657,0.131
maxcut,12,0.7,777,1.0,-30.0,-29.0,1.0
maxcut,12,0.8,777,0.0,-12.0,-10.0,2.0
maxcut,12,0.8,777,0.1,-13.3304,-11.6773,1.6531
maxcut,12,0.8,777,0.2,-14.7207,-13.41,1.3107
maxcut,12,0.8,777,0.3,-16.1766,-15.205,0.9716
maxcut,12,0.8,777,0.4,-17.7153,-17.0775,0.6378
maxcut,12,0.8,777,0.5,-19.3797,-19.0571,0.3226
maxcut,12,0.8,777,0.6,-21.2805,-21.1963,0.0842
maxcut,12,0.8,777,0.7,-23.5713,-23.5654,0.0059
maxcut,12,0.8,777,0.8,-26.1935,-25.9595,0.234
maxcut,12,0.8,777,0.9,-29.0274,-28.8833,0.1441
maxcut,12,0.8,777,1.0,-32.0,-31.0,1.0
maxcut,12,0.9,777,0.0,-12.0,-10.0,2.0
maxcut,12,0.9,777,0.1,-13.6329,-11.9707,1.6622
maxcut,12,0.9,777,0.2,-15.3274,-13.9963,1.3311
maxcut,12,0.9,777,0.3,-17.0844,-16.0802,1.0042
maxcut,12,0.9,777,0.4,-18.9159,-18.2341,0.6818
maxcut,12,0.9,777,0.5,-20.8547,-20.4835,0.3712
maxcut,12,0.9,777,0.6,-22.9918,-22.8794,0.1124
maxcut,12,0.9,777,0.7,-25.5112,-25.503,0.0082
maxcut,12,0.9,777,0.8,-28.4128,-28.2361,0.1767
maxcut,12,0.9,777,0.9,-31.594,-31.5505,0.0435
maxcut,12,0.9,777,1.0,-35.0,-34.0,1.0
maxcut,12,1.0,777,0.0,-12.0,-10.0,2.0
maxcut,12,1.0,777,0.1,-14.1362,-12.3757,1.7605
maxcut,12,1.0,777,0.2,-16.3309,-14.7957,1.5352
maxcut,12,1.0,777,0.3,-18.5719,-17.2532,1.3187
maxcut,12,1.0,777,0.4,-20.8537,-19.7453,1.1084
maxcut,12,1.0,777,0.5,-23.1749,-22.2714,0.9035
maxcut,12,1.0,777,0.6,-25.5372,-24.8339,0.7033
maxcut,12,1.0,777,0.7,-27.947,-27.4389,0.5081
maxcut,12,1.0,777,0.8,-30.4191,-30.1006,0.3185
maxcut,12,1.0,777,0.9,-32.9989,-32.8636,0.1353
maxcut,12,1.0,777,1.0,-36.0,-35.0,1.0
maxcut,13,0.5,777,0.0,-13.0,-11.0,2.0
maxcut,13,0.5,777,0.1,-13.4732,-11.8159,1.6573
maxcut,13,0.5,777,0.2,-13.9997,-12.6811,1.3186
maxcut,13,0.5,777,0.3,-14.595,-13.6095,0.9855
maxcut,13,0.5,777,0.4,-15.2861,-14.6247,0.6614
maxcut,13,0.5,777,0.5,-16.124,-15.7693,0.3547
maxcut,13,0.5,777,0.6,-17.221,-17.1202,0.1008
maxcut,13,0.5,777,0.7,-18.766,-18.7605,0.0055
maxcut,13,0.5,777,0.8,-20.6699,-20.476,0.1939
maxcut,13,0.5,777,0.9,-22.7682,-22.6608,0.1074
maxcut,13,0.5,777,1.0,-25.0,-24.0,1.0
maxcut,13,0.6,777,0.0,-13.0,-11.0,2.0
maxcut,13,0.6,777,0.1,-14.0294,-12.3823,1.6471
maxcut,13,0.6,777,0.2,-15.1231,-13.8233,1.2998
maxcut,13,0.6,777,0.3,-16.2962,-15.3358,0.9604
maxcut,13,0.6,777,0.4,-17.5787,-16.9412,0.6375
maxcut,13,0.6,777,0.5,-19.0245,-18.6729,0.3516
maxcut,13,0.6,777,0.6,-20.7174,-20.5822,0.1352
maxcut,13,0.6,777,0.7,-22.7751,-22.7609,0.0142
maxcut,13,0.6,777,0.8,-25.286,-25.2859,0.0001
maxcut,13,0.6,777,0.9,-28.0628,-27.9776,0.0852
maxcut,13,0.6,777,1.0,-31.0,-30.0,1.0
maxcut,13,0.7,777,0.0,-13.0,-11.0,2.0
maxcut,13,0.7,777,0.1,-14.5844,-12.9249,1.6595
maxcut,13,0.7,777,0.2,-16.2362,-14.9099,1.3263
maxcut,13,0.7,777,0.3,-17.9607,-16.9621,0.9986
maxcut,13,0.7,777,0.4,-19.7749,-19.0982,0.6767
maxcut,13,0.7,777,0.5,-21.7183,-21.3518,0.3665
maxcut,13,0.7,777,0.6,-23.8915,-23.7835,0.108
maxcut,13,0.7,777,0.7,-26.4709,-26.4624,0.0085
maxcut,13,0.7,777,0.8,-29.4007,-29.4005,0.0002
maxcut,13,0.7,777,0.9,-32.5829,-32.5242,0.0587
maxcut,13,0.7,777,1.0,-36.0,-35.0,1.0
maxcut,13,0.8,777,0.0,-13.0,-11.0,2.0
maxcut,13,0.8,777,0.1,-14.7863,-13.1294,1.6569
maxcut,13,0.8,777,0.2,-16.642,-15.3211,1.3209
maxcut,13,0.8,777,0.3,-18.5713,-17.5809,0.9904
maxcut,13,0.8,777,0.4,-20.5918,-19.9251,0.6667
maxcut,13,0.8,777,0.5,-22.746,-22.3887,0.3573
maxcut,13,0.8,777,0.6,-25.1472,-25.0513,0.0959
maxcut,13,0.8,777,0.7,-28.0745,-28.0723,0.0022
maxcut,13,0.8,777,0.8,-31.4877,-30.8873,0.6004
maxcut,13,0.8,777,0.9,-35.1624,-34.3645,0.7979
maxcut,13,0.8,777,1.0,-39.0,-38.0,1.0
maxcut,13,0.9,777,0.0,-13.0,-11.0,2.0
maxcut,13,0.9,777,0.1,-15.1388,-13.4584,1.6804
maxcut,13,0.9,777,0.2,-17.3461,-15.9756,1.3705
maxcut,13,0.9,777,0.3,-19.6176,-18.55,1.0676
maxcut,13,0.9,777,0.4,-21.9592,-21.1881,0.7711
maxcut,13,0.9,777,0.5,-24.3899,-23.9061,0.4838
maxcut,13,0.9,777,0.6,-26.9573,-26.7387,0.2186
maxcut,13,0.9,777,0.7,-29.7971,-29.7626,0.0345
maxcut,13,0.9,777,0.8,-33.1704,-33.1703,0.0001
maxcut,13,0.9,777,0.9,-36.9771,-36.3471,0.63
maxcut,13,0.9,777,1.0,-41.0,-40.0,1.0
maxcut,13,1.0,777,0.0,-13.0,-11.0,2.0
maxcut,13,1.0,777,0.1,-15.6419,-13.8808,1.7611
maxcut,13,1.0,777,0.2,-18.3497,-16.8128,1.5369
maxcut,13,1.0,777,0.3,-21.108,-19.7869,1.3211
maxcut,13,1.0,777,0.4,-23.9102,-22.7987,1.1115
maxcut,13,1.0,777,0.5,-26.7542,-25.8472,0.907
maxcut,13,1.0,777,0.6,-29.6416,-28.9346,0.707
maxcut,13,1.0,777,0.7,-32.5786,-32.0669,0.5117
maxcut,13,1.0,777,0.8,-35.5802,-35.258,0.3222
maxcut,13,1.0,777,0.9,-38.6838,-38.5407,0.1431
maxcut,13,1.0,777,1.0,-42.0,-40.0,2.0
maxcut,14,0.5,777,0.0,-14.0,-12.0,2.0
maxcut,14,0.5,777,0.1,-14.6265,-12.9975,1.629
maxcut,14,0.5,777,0.2,-15.3141,-14.0556,1.2585
maxcut,14,0.5,777,0.3,-16.0832,-15.1928,0.8904
maxcut,14,0.5,777,0.4,-16.9731,-16.4396,0.5335
maxcut,14,0.5,777,0.5,-18.0682,-17.8451,0.2231
maxcut,14,0.5,777,0.6,-19.5247,-19.4835,0.0412
maxcut,14,0.5,777,0.7,-21.4389,-21.4373,0.0016
maxcut,14,0.5,777,0.8,-23.7237,-23.3373,0.3864
maxcut,14,0.5,777,0.9,-26.2714,-26.0722,0.1992
maxcut,14,0.5,777,1.0,-29.0,-28.0,1.0
maxcut,14,0.6,777,0.0,-14.0,-12.0,2.0
maxcut,14,0.6,777,0.1,-15.2326,-13.5916,1.641
maxcut,14,0.6,777,0.2,-16.534,-15.2481,1.2859
maxcut,14,0.6,777,0.3,-17.9172,-16.9836,0.9336
maxcut,14,0.6,777,0.4,-19.4141,-18.8258,0.5883
maxcut,14,0.6,777,0.5,-21.0999,-20.8264,0.2735
maxcut,14,0.6,777,0.6,-23.13,-23.0639,0.0661
maxcut,14,0.6,777,0.7,-25.6071,-25.6007,0.0064
maxcut,14,0.6,777,0.8,-28.4521,-28.4519,0.0002
maxcut,14,0.6,777,0.9,-31.6035,-31.586,0.0175
maxcut,14,0.6,777,1.0,-35.0,-34.0,1.0
maxcut,14,0.7,777,0.0,-14.0,-12.0,2.0
maxcut,14,0.7,777,0.1,-15.99,-14.3299,1.6601
maxcut,14,0.7,777,0.2,-18.057,-16.7281,1.3289
maxcut,14,0.7,777,0.3,-20.2053,-19.2009,1.0044
maxcut,14,0.7,777,0.4,-22.4511,-21.7648,0.6863
maxcut,14,0.7,777,0.5,-24.831,-24.4563,0.3747
maxcut,14,0.7,777,0.6,-27.4523,-27.358,0.0943
maxcut,14,0.7,777,0.7,-30.6043,-30.6018,0.0025
maxcut,14,0.7,777,0.8,-34.1888,-33.8798,0.309
maxcut,14,0.7,777,0.9,-38.0109,-37.8602,0.1507
maxcut,14,0.7,777,1.0,-42.0,-41.0,1.0
maxcut,14,0.8,777,0.0,-14.0,-12.0,2.0
maxcut,14,0.8,777,0.1,-16.1915,-14.529,1.6625
maxcut,14,0.8,777,0.2,-18.4604,-17.1265,1.3339
maxcut,14,0.8,777,0.3,-20.8078,-19.7955,1.0123
maxcut,14,0.8,777,0.4,-23.2474,-22.5478,0.6996
maxcut,14,0.8,777,0.5,-25.8111,-25.4071,0.404
maxcut,14,0.8,777,0.6,-28.5698,-28.4144,0.1554
maxcut,14,0.8,777,0.7,-31.6536,-31.6292,0.0244
maxcut,14,0.8,777,0.8,-35.1197,-35.1188,0.0009
maxcut,14,0.8,777,0.9,-38.9407,-38.8896,0.0511
maxcut,14,0.8,777,1.0,-43.0,-42.0,1.0
maxcut,14,0.9,777,0.0,-14.0,-12.0,2.0
maxcut,14,0.9,777,0.1,-16.5443,-14.8832,1.6611
maxcut,14,0.9,777,0.2,-19.1672,-17.8368,1.3304
maxcut,14,0.9,777,0.3,-21.8663,-20.8605,1.0058
maxcut,14,0.9,777,0.4,-24.6541,-23.9645,0.6896
maxcut,14,0.9,777,0.5,-27.5646,-27.1723,0.3923
maxcut,14,0.9,777,0.6,-30.6747,-30.5282,0.1465
maxcut,14,0.9,777,0.7,-34.1251,-34.1062,0.0189
maxcut,14,0.9,777,0.8,-38.0294,-38.0292,0.0002
maxcut,14,0.9,777,0.9,-42.3832,-42.3803,0.0029
maxcut,14,0.9,777,1.0,-47.0,-46.0,1.0
maxcut,14,1.0,777,0.0,-14.0,-12.0,2.0
maxcut,14,1.0,777,0.1,-17.198,-15.4362,1.7618
maxcut,14,1.0,777,0.2,-20.4692,-18.9309,1.5383
maxcut,14,1.0,777,0.3,-23.7953,-22.4719,1.3234
maxcut,14,1.0,777,0.4,-27.1681,-26.0537,1.1144
maxcut,14,1.0,777,0.5,-30.585,-29.6749,0.9101
maxcut,14,1.0,777,0.6,-34.0474,-33.3372,0.7102
maxcut,14,1.0,777,0.7,-37.5618,-37.047,0.5148
maxcut,14,1.0,777,0.8,-41.1437,-40.8191,0.3246
maxcut,14,1.0,777,0.9,-44.8399,-44.6989,0.141
maxcut,14,1.0,777,1.0,-49.0,-48.0,1.0
maxcut,15,0.5,777,0.0,-15.0,-13.0,2.0
maxcut,15,0.5,777,0.1,-15.8809,-14.2523,1.6286
maxcut,15,0.5,777,0.2,-16.8329,-15.5741,1.2588
maxcut,15,0.5,777,0.3,-17.8794,-16.9874,0.892
maxcut,15,0.5,777,0.4,-19.0683,-18.5316,0.5367
maxcut,15,0.5,777,0.5,-20.5048,-20.2774,0.2274
maxcut,15,0.5,777,0.6,-22.3828,-22.3408,0.042
maxcut,15,0.5,777,0.7,-24.8149,-24.8139,0.001
maxcut,15,0.5,777,0.8,-27.6278,-27.5553,0.0725
maxcut,15,0.5,777,0.9,-30.7012,-30.6793,0.0219
maxcut,15,0.5,777,1.0,-34.0,-33.0,1.0
maxcut,15,0.6,777,0.0,-15.0,-13.0,2.0
maxcut,15,0.6,777,0.1,-16.5889,-14.9741,1.6148
maxcut,15,0.6,777,0.2,-18.2628,-17.0325,1.2303
maxcut,15,0.6,777,0.3,-20.0459,-19.1987,0.8472
maxcut,15,0.6,777,0.4,-21.9915,-21.5162,0.4753
maxcut,15,0.6,777,0.5,-24.2202,-24.0645,0.1557
maxcut,15,0.6,777,0.6,-26.9766,-26.9657,0.0109
maxcut,15,0.6,777,0.7,-30.2785,-30.2784,0.0001
maxcut,15,0.6,777,0.8,-33.9422,-33.4161,0.5261
maxcut,15,0.6,777,0.9,-37.8757,-37.1523,0.7234
maxcut,15,0.6,777,1.0,-42.0,-41.0,1.0
maxcut,15,0.7,777,0.0,-15.0,-13.0,2.0
maxcut,15,0.7,777,0.1,-17.396,-15.7628,1.6332
maxcut,15,0.7,777,0.2,-19.8817,-18.6102,1.2715
maxcut,15,0.7,777,0.3,-22.4666,-21.5532,0.9134
maxcut,15,0.7,777,0.4,-25.1807,-24.6177,0.563
maxcut,15,0.7,777,0.5,-28.0951,-27.8501,0.245
maxcut,15,0.7,777,0.6,-31.3647,-31.3173,0.0474
maxcut,15,0.7,777,0.7,-35.0776,-35.0746,0.003
maxcut,15,0.7,777,0.8,-39.1266,-39.0015,0.1251
maxcut,15,0.7,777,0.9,-43.4448,-43.4121,0.0327
maxcut,15,0.7,777,1.0,-48.0,-47.0,1.0
maxcut,15,0.8,777,0.0,-15.0,-13.0,2.0
maxcut,15,0.8,777,0.1,-17.5976,-15.962,1.6356
maxcut,15,0.8,777,0.2,-20.2857,-19.0091,1.2766
maxcut,15,0.8,777,0.3,-23.0715,-22.1502,0.9213
maxcut,15,0.8,777,0.4,-25.9844,-25.41,0.5744
maxcut,15,0.8,777,0.5,-29.0977,-28.8353,0.2624
maxcut,15,0.8,777,0.6,-32.5615,-32.4975,0.064
maxcut,15,0.8,777,0.7,-36.4728,-36.4662,0.0066
maxcut,15,0.8,777,0.8,-40.7536,-40.7534,0.0002
maxcut,15,0.8,777,0.9,-45.2899,-45.2518,0.0381
maxcut,15,0.8,777,1.0,-50.0,-49.0,1.0
maxcut,15,0.9,777,0.0,-15.0,-13.0,2.0
maxcut,15,0.9,777,0.1,-18.0002,-16.3504,1.6498
maxcut,15,0.9,777,0.2,-21.0891,-19.7823,1.3068
maxcut,15,0.9,777,0.3,-24.2653,-23.2967,0.9686
maxcut,15,0.9,777,0.4,-27.5466,-26.9093,0.6373
maxcut,15,0.9,777,0.5,-30.9826,-30.6559,0.3267
maxcut,15,0.9,777,0.6,-34.695,-34.6077,0.0873
maxcut,15,0.9,777,0.7,-38.8834,-38.8791,0.0043
maxcut,15,0.9,777,0.8,-43.5851,-43.5422,0.0429
maxcut,15,0.9,777,0.9,-48.6809,-48.6747,0.0062
maxcut,15,0.9,777,1.0,-54.0,-53.0,1.0
maxcut,15,1.0,777,0.0,-15.0,-13.0,2.0
maxcut,15,1.0,777,0.1,-18.8044,-17.0419,1.7625
maxcut,15,1.0,777,0.2,-22.6895,-21.1497,1.5398
maxcut,15,1.0,777,0.3,-26.6335,-25.308,1.3255
maxcut,15,1.0,777,0.4,-30.6271,-29.5102,1.1169
maxcut,15,1.0,777,0.5,-34.6671,-33.7542,0.9129
maxcut,15,1.0,777,0.6,-38.7547,-38.0416,0.7131
maxcut,15,1.0,777,0.7,-42.8962,-42.3786,0.5176
maxcut,15,1.0,777,0.8,-47.1077,-46.7802,0.3275
maxcut,15,1.0,777,0.9,-51.4302,-51.2838,0.1464
maxcut,15,1.0,777,1.0,-56.0,-54.0,2.0
maxcut,16,0.5,777,0.0,-16.0,-14.0,2.0
maxcut,16,0.5,777,0.1,-17.2367,-15.6279,1.6088
maxcut,16,0.5,777,0.2,-18.557,-17.3416,1.2154
maxcut,16,0.5,777,0.3,-19.9883,-19.1677,0.8206
maxcut,16,0.5,777,0.4,-21.5887,-21.1518,0.4369
maxcut,16,0.5,777,0.5,-23.4947,-23.3658,0.1289
maxcut,16,0.5,777,0.6,-25.9058,-25.894,0.0118
maxcut,16,0.5,777,0.7,-28.7663,-28.766,0.0003
maxcut,16,0.5,777,0.8,-31.935,-31.7747,0.1603
maxcut,16,0.5,777,0.9,-35.3547,-35.3095,0.0452
maxcut,16,0.5,777,1.0,-39.0,-38.0,1.0
maxcut,16,0.6,777,0.0,-16.0,-14.0,2.0
maxcut,16,0.6,777,0.1,-18.0446,-16.4166,1.628
maxcut,16,0.6,777,0.2,-20.1819,-18.9219,1.26
maxcut,16,0.6,777,0.3,-22.4289,-21.5324,0.8965
maxcut,16,0.6,777,0.4,-24.8251,-24.2813,0.5438
maxcut,16,0.6,777,0.5,-27.4571,-27.2335,0.2236
maxcut,16,0.6,777,0.6,-30.5313,-30.5059,0.0254
maxcut,16,0.6,777,0.7,-34.1908,-34.1905,0.0003
maxcut,16,0.6,777,0.8,-38.2263,-37.9303,0.296
maxcut,16,0.6,777,0.9,-42.5186,-42.3743,0.1443
maxcut,16,0.6,777,1.0,-47.0,-46.0,1.0
maxcut,16,0.7,777,0.0,-16.0,-14.0,2.0
maxcut,16,0.7,777,0.1,-18.9017,-17.2718,1.6299
maxcut,16,0.7,777,0.2,-21.8999,-20.6358,1.2641
maxcut,16,0.7,777,0.3,-24.9998,-24.1003,0.8995
maxcut,16,0.7,777,0.4,-28.2302,-27.6932,0.537
maxcut,16,0.7,777,0.5,-31.6766,-31.4791,0.1975
maxcut,16,0.7,777,0.6,-35.6105,-35.596,0.0145
maxcut,16,0.7,777,0.7,-40.1788,-40.1787,0.0001
maxcut,16,0.7,777,0.8,-45.1794,-44.5392,0.6402
maxcut,16,0.7,777,0.9,-50.484,-49.6809,0.8031
maxcut,16,0.7,777,1.0,-56.0,-55.0,1.0
maxcut,16,0.8,777,0.0,-16.0,-14.0,2.0
maxcut,16,0.8,777,0.1,-19.1537,-17.5068,1.6469
maxcut,16,0.8,777,0.2,-22.4043,-21.1034,1.3009
maxcut,16,0.8,777,0.3,-25.7519,-24.7933,0.9586
maxcut,16,0.8,777,0.4,-29.2154,-28.5959,0.6195
maxcut,16,0.8,777,0.5,-32.8472,-32.5573,0.2899
maxcut,16,0.8,777,0.6,-36.8191,-36.7735,0.0456
maxcut,16,0.8,777,0.7,-41.3552,-41.3543,0.0009
maxcut,16,0.8,777,0.8,-46.2762,-46.0517,0.2245
maxcut,16,0.8,777,0.9,-51.4795,-51.406,0.0735
maxcut,16,0.8,777,1.0,-57.0,-56.0,1.0
maxcut,16,0.9,777,0.0,-16.0,-14.0,2.0
maxcut,16,0.9,777,0.1,-19.6068,-17.9462,1.6606
maxcut,16,0.9,777,0.2,-23.3102,-21.9799,1.3303
maxcut,16,0.9,777,0.3,-27.1037,-26.0985,1.0052
maxcut,16,0.9,777,0.4,-30.9985,-30.3153,0.6832
maxcut,16,0.9,777,0.5,-35.0315,-34.6657,0.3658
maxcut,16,0.9,777,0.6,-39.3204,-39.2323,0.0881
maxcut,16,0.9,777,0.7,-44.1571,-44.1549,0.0022
maxcut,16,0.9,777,0.8,-49.4644,-49.2791,0.1853
maxcut,16,0.9,777,0.9,-55.0966,-55.0276,0.069
maxcut,16,0.9,777,1.0,-61.0,-60.0,1.0
maxcut,16,1.0,777,0.0,-16.0,-14.0,2.0
maxcut,16,1.0,777,0.1,-20.461,-18.698,1.763
maxcut,16,1.0,777,0.2,-25.0104,-23.4692,1.5412
maxcut,16,1.0,777,0.3,-29.6227,-28.2953,1.3274
maxcut,16,1.0,777,0.4,-34.2873,-33.1681,1.1192
maxcut,16,1.0,777,0.5,-39.0004,-38.085,0.9154
maxcut,16,1.0,777,0.6,-43.7632,-43.0474,0.7158
maxcut,16,1.0,777,0.7,-48.582,-48.0618,0.5202
maxcut,16,1.0,777,0.8,-53.4733,-53.1437,0.3296
maxcut,16,1.0,777,0.9,-58.4853,-58.3399,0.1454
maxcut,16,1.0,777,1.0,-64.0,-63.0,1.0
maxcut,17,0.5,777,0.0,-17.0,-15.0,2.0
maxcut,17,0.5,777,0.1,-18.541,-16.9022,1.6388
maxcut,17,0.5,777,0.2,-20.1717,-18.8898,1.2819
maxcut,17,0.5,777,0.3,-21.9125,-20.9815,0.931
maxcut,17,0.5,777,0.4,-23.8012,-23.2092,0.592
maxcut,17,0.5,777,0.5,-25.9094,-25.6249,0.2845
maxcut,17,0.5,777,0.6,-28.3845,-28.3175,0.067
maxcut,17,0.5,777,0.7,-31.4551,-31.4534,0.0017
maxcut,17,0.5,777,0.8,-35.0634,-34.8554,0.208
maxcut,17,0.5,777,0.9,-38.944,-38.7978,0.1462
maxcut,17,0.5,777,1.0,-43.0,-42.0,1.0
maxcut,17,0.6,777,0.0,-17.0,-15.0,2.0
maxcut,17,0.6,777,0.1,-19.3999,-17.7737,1.6262
maxcut,17,0.6,777,0.2,-21.9027,-20.6454,1.2573
maxcut,17,0.6,777,0.3,-24.5256,-23.6335,0.8921
maxcut,17,0.6,777,0.4,-27.31,-26.7755,0.5345
maxcut,17,0.6,777,0.5,-30.352,-30.1447,0.2073
maxcut,17,0.6,777,0.6,-33.8859,-33.8649,0.021
maxcut,17,0.6,777,0.7,-38.0053,-38.0049,0.0004
maxcut,17,0.6,777,0.8,-42.4703,-42.3296,0.1407
maxcut,17,0.6,777,0.9,-47.1562,-47.0943,0.0619
maxcut,17,0.6,777,1.0,-52.0,-51.0,1.0
maxcut,17,0.7,777,0.0,-17.0,-15.0,2.0
maxcut,17,0.7,777,0.1,-20.4082,-18.7712,1.637
maxcut,17,0.7,777,0.2,-23.9247,-22.6443,1.2804
maxcut,17,0.7,777,0.3,-27.5558,-26.6281,0.9277
maxcut,17,0.7,777,0.4,-31.3338,-30.7518,0.582
maxcut,17,0.7,777,0.5,-35.3406,-35.0773,0.2633
maxcut,17,0.7,777,0.6,-39.7636,-39.7136,0.05
maxcut,17,0.7,777,0.7,-44.7815,-44.7799,0.0016
maxcut,17,0.7,777,0.8,-50.2649,-50.0759,0.189
maxcut,17,0.7,777,0.9,-56.0377,-55.9324,0.1053
maxcut,17,0.7,777,1.0,-62.0,-61.0,1.0
maxcut,17,0.8,777,0.0,-17.0,-15.0,2.0
maxcut,17,0.8,777,0.1,-20.7104,-19.0818,1.6286
maxcut,17,0.8,777,0.2,-24.5289,-23.2675,1.2614
maxcut,17,0.8,777,0.3,-28.4582,-27.565,0.8932
maxcut,17,0.8,777,0.4,-32.5288,-32.0092,0.5196
maxcut,17,0.8,777,0.5,-36.8481,-36.6888,0.1593
maxcut,17,0.8,777,0.6,-41.7852,-41.7792,0.006
maxcut,17,0.8,777,0.7,-47.3689,-46.8484,0.5205
maxcut,17,0.8,777,0.8,-53.343,-52.9726,0.3704
maxcut,17,0.8,777,0.9,-59.578,-59.3818,0.1962
maxcut,17,0.8,777,1.0,-66.0,-65.0,1.0
maxcut,17,0.9,777,0.0,-17.0,-15.0,2.0
maxcut,17,0.9,777,0.1,-21.2641,-19.6137,1.6504
maxcut,17,0.9,777,0.2,-25.6357,-24.3262,1.3095
maxcut,17,0.9,777,0.3,-30.1088,-29.1327,0.9761
maxcut,17,0.9,777,0.4,-34.7019,-34.0466,0.6553
maxcut,17,0.9,777,0.5,-39.4667,-39.1009,0.3658
maxcut,17,0.9,777,0.6,-44.5099,-44.3628,0.1471
maxcut,17,0.9,777,0.7,-49.9715,-49.9417,0.0298
maxcut,17,0.9,777,0.8,-55.9513,-55.951,0.0003
maxcut,17,0.9,777,0.9,-62.3613,-62.3339,0.0274
maxcut,17,0.9,777,1.0,-69.0,-68.0,1.0
maxcut,17,1.0,777,0.0,-17.0,-15.0,2.0
maxcut,17,1.0,777,0.1,-22.1679,-20.4044,1.7635
maxcut,17,1.0,777,0.2,-27.4319,-25.8895,1.5424
maxcut,17,1.0,777,0.3,-32.7628,-31.4335,1.3293
maxcut,17,1.0,777,0.4,-38.1485,-37.0271,1.1214
maxcut,17,1.0,777,0.5,-43.5849,-42.6671,0.9178
maxcut,17,1.0,777,0.6,-49.0728,-48.3547,0.7181
maxcut,17,1.0,777,0.7,-54.6188,-54.0962,0.5226
maxcut,17,1.0,777,0.8,-60.2395,-59.9077,0.3318
maxcut,17,1.0,777,0.9,-65.9796,-65.8302,0.1494
maxcut,17,1.0,777,1.0,-72.0,-70.0,2.0
maxcut,18,0.5,777,0.0,-18.0,-16.0,2.0
maxcut,18,0.5,777,0.1,-19.8968,-18.2786,1.6182
maxcut,18,0.5,777,0.2,-21.8969,-20.6598,1.2371
maxcut,18,0.5,777,0.3,-24.0269,-23.1697,0.8572
maxcut,18,0.5,777,0.4,-26.3421,-25.8557,0.4864
maxcut,18,0.5,777,0.5,-28.9658,-28.7981,0.1677
maxcut,18,0.5,777,0.6,-32.1227,-32.1019,0.0208
maxcut,18,0.5,777,0.7,-35.9116,-35.9113,0.0003
maxcut,18,0.5,777,0.8,-40.3498,-39.9384,0.4114
maxcut,18,0.5,777,0.9,-45.0773,-44.3634,0.7139
maxcut,18,0.5,777,1.0,-50.0,-49.0,1.0
maxcut,18,0.6,777,0.0,-18.0,-16.0,2.0
maxcut,18,0.6,777,0.1,-20.8059,-19.2092,1.5967
maxcut,18,0.6,777,0.2,-23.7282,-22.5368,1.1914
maxcut,18,0.6,777,0.3,-26.7939,-26.0142,0.7797
maxcut,18,0.6,777,0.4,-30.0782,-29.7107,0.3675
maxcut,18,0.6,777,0.5,-33.8228,-33.7673,0.0555
maxcut,18,0.6,777,0.6,-38.3751,-38.3743,0.0008
maxcut,18,0.6,777,0.7,-43.5481,-42.8196,0.7285
maxcut,18,0.6,777,0.8,-49.1277,-48.2934,0.8343
maxcut,18,0.6,777,0.9,-54.9726,-54.0629,0.9097
maxcut,18,0.6,777,1.0,-61.0,-60.0,1.0
maxcut,18,0.7,777,0.0,-18.0,-16.0,2.0
maxcut,18,0.7,777,0.1,-21.8646,-20.2427,1.6219
maxcut,18,0.7,777,0.2,-25.8503,-24.6019,1.2484
maxcut,18,0.7,777,0.3,-29.9678,-29.0919,0.8759
maxcut,18,0.7,777,0.4,-34.2604,-33.7547,0.5057
maxcut,18,0.7,777,0.5,-38.8468,-38.6821,0.1647
maxcut,18,0.7,777,0.6,-44.0642,-44.0574,0.0068
maxcut,18,0.7,777,0.7,-49.9895,-49.9894,0.0001
maxcut,18,0.7,777,0.8,-56.3754,-55.84,0.5354
maxcut,18,0.7,777,0.9,-63.0818,-62.3338,0.748
maxcut,18,0.7,777,1.0,-70.0,-69.0,1.0
maxcut,18,0.8,777,0.0,-18.0,-16.0,2.0
maxcut,18,0.8,777,0.1,-22.1666,-20.5248,1.6418
maxcut,18,0.8,777,0.2,-26.4537,-25.1607,1.293
maxcut,18,0.8,777,0.3,-30.8649,-29.9136,0.9513
maxcut,18,0.8,777,0.4,-35.4312,-34.8116,0.6196
maxcut,18,0.8,777,0.5,-40.2269,-39.9177,0.3092
maxcut,18,0.8,777,0.6,-45.4251,-45.352,0.0731
maxcut,18,0.8,777,0.7,-51.2617,-51.2598,0.0019
maxcut,18,0.8,777,0.8,-57.6021,-57.3978,0.2043
maxcut,18,0.8,777,0.9,-64.2108,-64.0943,0.1165
maxcut,18,0.8,777,1.0,-71.0,-70.0,1.0
maxcut,18,0.9,777,0.0,-18.0,-16.0,2.0
maxcut,18,0.9,777,0.1,-22.9714,-21.3199,1.6515
maxcut,18,0.9,777,0.2,-28.0595,-26.7475,1.312
maxcut,18,0.9,777,0.3,-33.254,-32.2774,0.9766
maxcut,18,0.9,777,0.4,-38.5711,-37.9277,0.6434
maxcut,18,0.9,777,0.5,-44.0639,-43.7508,0.3131
maxcut,18,0.9,777,0.6,-49.9209,-49.8757,0.0452
maxcut,18,0.9,777,0.7,-56.4974,-56.4971,0.0003
maxcut,18,0.9,777,0.8,-63.6456,-63.0791,0.5665
maxcut,18,0.9,777,0.9,-71.1953,-70.4356,0.7597
maxcut,18,0.9,777,1.0,-79.0,-78.0,1.0
maxcut,18,1.0,777,0.0,-18.0,-16.0,2.0
maxcut,18,1.0,777,0.1,-23.9251,-22.161,1.7641
maxcut,18,1.0,777,0.2,-29.954,-28.4104,1.5436
maxcut,18,1.0,777,0.3,-36.0536,-34.7227,1.3309
maxcut,18,1.0,777,0.4,-42.2106,-41.0873,1.1233
maxcut,18,1.0,777,0.5,-48.4204,-47.5004,0.92
maxcut,18,1.0,777,0.6,-54.6835,-53.9632,0.7203
maxcut,18,1.0,777,0.7,-61.0066,-60.482,0.5246
maxcut,18,1.0,777,0.8,-67.4069,-67.0733,0.3336
maxcut,18,1.0,777,0.9,-73.9342,-73.7853,0.1489
maxcut,18,1.0,777,1.0,-81.0,-80.0,1.0
